MWShapeID,D_R,CLAVE_WRB,N_G1,N_CP_G1,GH_SUELO,CVE_D,CVE_G,CLASS_CN,CVE_V,TIP_VEG,COND_HIDRO,VALOR_CN,ID_Calculo,areaPoligo,CalcArea,Porcentaje,ValorN,N_condN,N_CorrA,N_CorrB,N_corrS0,N_corrS
0,0.0,ZU,LOCALIDAD,,D,AH,AH,ESTACIONAMIENTOS CALLES Y CARRETERAS,AH,NO APLICABLE,MALA,98.0,1.0,1494.553893000000,0.364102464100,0.024361949400,0.023874710400,72.873371098000,54.448045318000,86.724022659000,68.256487244000,77.490254952000
1,0.0,LPeuhu+RGcalep/3,LEPTOSOL,H횄쨘mico,D,PSSC,IEFF,BOSQUE Y SELVA,VSa/SMQ,SELVA MEDIANA SUBPERENNIFOLIA,MALA,83.0,1.0,1494.553893000000,9.203866053400,0.615826976500,0.511136390500,72.873371098000,54.448045318000,86.724022659000,68.256487244000,77.490254952000
2,0.0,LPeuhu+RGcalep/3,LEPTOSOL,H횄쨘mico,D,PSSC,IEFF,BOSQUE Y SELVA,VSa/SMQ,SELVA MEDIANA SUBPERENNIFOLIA,MALA,83.0,1.0,1494.553893000000,4.444599538300,0.297386367800,0.246830685300,72.873371098000,54.448045318000,86.724022659000,68.256487244000,77.490254952000
3,0.0,LPeuhu+RGcalep/3,LEPTOSOL,H횄쨘mico,D,PSCA,IEFF,BOSQUE Y SELVA,VSA/SMQ,SELVA MEDIANA SUBPERENNIFOLIA,REGULAR,79.0,1.0,1494.553893000000,2.392368656000,0.160072424700,0.126457215500,72.873371098000,54.448045318000,86.724022659000,68.256487244000,77.490254952000
4,0.0,LPeuhu+RGcalep/3,LEPTOSOL,H횄쨘mico,D,IAPF,TP,TIERRA CULTIVADA,IAPF,NO APLICABLE,BUENA,89.0,1.0,1494.553893000000,0.001786453800,0.000119530900,0.000106382500,72.873371098000,54.448045318000,86.724022659000,68.256487244000,77.490254952000
5,0.0,LPeuhu+RGcalep/3,LEPTOSOL,H횄쨘mico,D,IAPF,TAP,TIERRA CULTIVADA,IAPF,NO APLICABLE,MALA,91.0,1.0,1494.553893000000,0.757280256100,0.050669317400,0.046109078800,72.873371098000,54.448045318000,86.724022659000,68.256487244000,77.490254952000
6,0.0,LPeuhu+RGcalep/3,LEPTOSOL,H횄쨘mico,D,IAPF,TA,TIERRA CULTIVADA,IAPF,NO APLICABLE,MALA,91.0,1.0,1494.553893000000,0.831674537500,0.055647008800,0.050638778000,72.873371098000,54.448045318000,86.724022659000,68.256487244000,77.490254952000
7,0.0,LPeuhu+RGcalep/3,LEPTOSOL,H횄쨘mico,D,IAPF,TA,TIERRA CULTIVADA,IAPF,NO APLICABLE,MALA,91.0,1.0,1494.553893000000,0.155984782200,0.010436879000,0.009497559900,72.873371098000,54.448045318000,86.724022659000,68.256487244000,77.490254952000
8,0.0,LPeuhu+RGcalep/3,LEPTOSOL,H횄쨘mico,D,PSSC,IEFF,BOSQUE Y SELVA,VSa/SAP,SELVA ALTA PERENNIFOLIA,MALA,83.0,1.0,1494.553893000000,0.324748634700,0.021728800500,0.018034904400,72.873371098000,54.448045318000,86.724022659000,68.256487244000,77.490254952000
9,0.0,LPeuhu+RGcalep/3,LEPTOSOL,H횄쨘mico,D,IAPF,PC,PASTIZALES FORRAJE CONTINUO PARA PASTOREO,IAPF,NO APLICABLE,BUENA,80.0,1.0,1494.553893000000,0.065344547100,0.004372177300,0.003497741800,72.873371098000,54.448045318000,86.724022659000,68.256487244000,77.490254952000
10,0.0,VRmshu+PHhuvr/3,VERTISOL,H횄쨘mico,D,IAPF,TAP,TIERRA CULTIVADA,IAPF,NO APLICABLE,MALA,91.0,1.0,1494.553893000000,0.249566905700,0.016698421300,0.015195563300,72.873371098000,54.448045318000,86.724022659000,68.256487244000,77.490254952000
11,0.0,RGcalep/2,REGOSOL,Epil횄짤ptico,A,IAPF,TAP,TIERRA CULTIVADA,IAPF,NO APLICABLE,MALA,71.0,1.0,1494.553893000000,0.595555026800,0.039848347300,0.028292326600,72.873371098000,54.448045318000,86.724022659000,68.256487244000,77.490254952000
12,0.0,LVdyhu+PHaplv/3,LUVISOL,H횄쨘mico,D,QSCC,IEFF,BOSQUE Y SELVA,VSA/BQ,BOSQUE DE ENCINO,BUENA,70.0,1.0,1494.553893000000,0.076125207200,0.005093507000,0.003565454900,72.873371098000,54.448045318000,86.724022659000,68.256487244000,77.490254952000
13,0.0,LVdyhu+PHaplv/3,LUVISOL,H횄쨘mico,D,QSCA,IEFF,BOSQUE Y SELVA,VSA/BQ,BOSQUE DE ENCINO,REGULAR,79.0,1.0,1494.553893000000,0.731185185700,0.048923306700,0.038649412300,72.873371098000,54.448045318000,86.724022659000,68.256487244000,77.490254952000
14,0.0,LVdyhu+PHaplv/3,LUVISOL,H횄쨘mico,D,PSSC,IEFF,BOSQUE Y SELVA,VSa/SMQ,SELVA MEDIANA SUBPERENNIFOLIA,MALA,83.0,1.0,1494.553893000000,1.476940156000,0.098821471900,0.082021821700,72.873371098000,54.448045318000,86.724022659000,68.256487244000,77.490254952000
15,0.0,LVdyhu+PHaplv/3,LUVISOL,H횄쨘mico,D,PSSC,IEFF,BOSQUE Y SELVA,VSa/SMQ,SELVA MEDIANA SUBPERENNIFOLIA,MALA,83.0,1.0,1494.553893000000,3.463229543200,0.231723296100,0.192330335700,72.873371098000,54.448045318000,86.724022659000,68.256487244000,77.490254952000
16,0.0,LVdyhu+PHaplv/3,LUVISOL,H횄쨘mico,D,PSCA,IEFF,BOSQUE Y SELVA,VSA/SMQ,SELVA MEDIANA SUBPERENNIFOLIA,REGULAR,79.0,1.0,1494.553893000000,1.962011093700,0.131277373300,0.103709124900,72.873371098000,54.448045318000,86.724022659000,68.256487244000,77.490254952000
17,0.0,LVdyhu+PHaplv/3,LUVISOL,H횄쨘mico,D,IAPF,TAS,TIERRA CULTIVADA,IAPF,NO APLICABLE,MALA,91.0,1.0,1494.553893000000,0.109837389400,0.007349175500,0.006687749700,72.873371098000,54.448045318000,86.724022659000,68.256487244000,77.490254952000
18,0.0,LVdyhu+PHaplv/3,LUVISOL,H횄쨘mico,D,IAPF,TA,TIERRA CULTIVADA,IAPF,NO APLICABLE,MALA,91.0,1.0,1494.553893000000,1.736973702300,0.116220211900,0.105760392800,72.873371098000,54.448045318000,86.724022659000,68.256487244000,77.490254952000
19,0.0,LVdyhu+PHaplv/3,LUVISOL,H횄쨘mico,D,IAPF,PC,PASTIZALES FORRAJE CONTINUO PARA PASTOREO,IAPF,NO APLICABLE,BUENA,80.0,1.0,1494.553893000000,1.351424799300,0.090423289800,0.072338631900,72.873371098000,54.448045318000,86.724022659000,68.256487244000,77.490254952000
20,0.0,LVdyhu+PHaplv/3,LUVISOL,H횄쨘mico,D,IAPF,PC,PASTIZALES FORRAJE CONTINUO PARA PASTOREO,IAPF,NO APLICABLE,BUENA,80.0,1.0,1494.553893000000,0.131413793400,0.008792844000,0.007034275200,72.873371098000,54.448045318000,86.724022659000,68.256487244000,77.490254952000
21,0.0,LVdyhu+PHaplv/3,LUVISOL,H횄쨘mico,D,AH,AH,ESTACIONAMIENTOS CALLES Y CARRETERAS,AH,NO APLICABLE,MALA,98.0,1.0,1494.553893000000,0.487124184500,0.032593283300,0.031941417600,72.873371098000,54.448045318000,86.724022659000,68.256487244000,77.490254952000
22,0.0,LVdyhu+PHaplv/3,LUVISOL,H횄쨘mico,D,QSCC,IEFF,BOSQUE Y SELVA,VSA/BQ,BOSQUE DE ENCINO,BUENA,70.0,1.0,1494.553893000000,0.042574495100,0.002848642300,0.001994049600,72.873371098000,54.448045318000,86.724022659000,68.256487244000,77.490254952000
23,0.0,LVdyhu+PHaplv/3,LUVISOL,H횄쨘mico,D,PSSC,IEFF,BOSQUE Y SELVA,VSa/SMQ,SELVA MEDIANA SUBPERENNIFOLIA,MALA,83.0,1.0,1494.553893000000,0.623591693300,0.041724269400,0.034631143600,72.873371098000,54.448045318000,86.724022659000,68.256487244000,77.490254952000
24,0.0,LVdyhu+PHaplv/3,LUVISOL,H횄쨘mico,D,PSCA,IEFF,BOSQUE Y SELVA,VSA/SMQ,SELVA MEDIANA SUBPERENNIFOLIA,REGULAR,79.0,1.0,1494.553893000000,0.337939311200,0.022611383400,0.017862992900,72.873371098000,54.448045318000,86.724022659000,68.256487244000,77.490254952000
25,0.0,LVdyhu+PHaplv/3,LUVISOL,H횄쨘mico,D,PPCA,IEFF,BOSQUE Y SELVA,SAP,SELVA ALTA PERENNIFOLIA,REGULAR,79.0,1.0,1494.553893000000,0.000194064200,0.000012984700,0.000010257900,72.873371098000,54.448045318000,86.724022659000,68.256487244000,77.490254952000
26,0.0,LVdyhu+PHaplv/3,LUVISOL,H횄쨘mico,D,IAPF,PC,PASTIZALES FORRAJE CONTINUO PARA PASTOREO,IAPF,NO APLICABLE,BUENA,80.0,1.0,1494.553893000000,1.170442954100,0.078313867400,0.062651093900,72.873371098000,54.448045318000,86.724022659000,68.256487244000,77.490254952000
27,0.0,LVdyhu+PHaplv/3,LUVISOL,H횄쨘mico,D,IAPF,PC,PASTIZALES FORRAJE CONTINUO PARA PASTOREO,IAPF,NO APLICABLE,BUENA,80.0,1.0,1494.553893000000,0.095626605700,0.006398337700,0.005118670100,72.873371098000,54.448045318000,86.724022659000,68.256487244000,77.490254952000
28,0.0,VRpeca+PHca/3,VERTISOL,Calc횄징rico,D,PSSC,IEFF,BOSQUE Y SELVA,VSa/SMQ,SELVA MEDIANA SUBPERENNIFOLIA,MALA,83.0,1.0,1494.553893000000,2.137355382800,0.143009589100,0.118697959000,72.873371098000,54.448045318000,86.724022659000,68.256487244000,77.490254952000
29,0.0,VRpeca+PHca/3,VERTISOL,Calc횄징rico,D,PSSC,IEFF,BOSQUE Y SELVA,VSa/SMQ,SELVA MEDIANA SUBPERENNIFOLIA,MALA,83.0,1.0,1494.553893000000,0.470188868800,0.031460148100,0.026111922900,72.873371098000,54.448045318000,86.724022659000,68.256487244000,77.490254952000
30,0.0,VRpeca+PHca/3,VERTISOL,Calc횄징rico,D,PSSC,IEFF,BOSQUE Y SELVA,VSa/SMQ,SELVA MEDIANA SUBPERENNIFOLIA,MALA,83.0,1.0,1494.553893000000,0.119859810300,0.008019771700,0.006656410500,72.873371098000,54.448045318000,86.724022659000,68.256487244000,77.490254952000
31,0.0,VRpeca+PHca/3,VERTISOL,Calc횄징rico,D,PSCC,IEFF,BOSQUE Y SELVA,VSA/SMQ,SELVA MEDIANA SUBPERENNIFOLIA,BUENA,70.0,1.0,1494.553893000000,0.335889076400,0.022474203000,0.015731942100,72.873371098000,54.448045318000,86.724022659000,68.256487244000,77.490254952000
32,0.0,VRpeca+PHca/3,VERTISOL,Calc횄징rico,D,PSCA,IEFF,BOSQUE Y SELVA,VSA/SMQ,SELVA MEDIANA SUBPERENNIFOLIA,REGULAR,79.0,1.0,1494.553893000000,0.041904349300,0.002803803100,0.002215004500,72.873371098000,54.448045318000,86.724022659000,68.256487244000,77.490254952000
33,0.0,VRpeca+PHca/3,VERTISOL,Calc횄징rico,D,PSCA,IEFF,BOSQUE Y SELVA,VSA/SMQ,SELVA MEDIANA SUBPERENNIFOLIA,REGULAR,79.0,1.0,1494.553893000000,2.859005506100,0.191294908700,0.151122977900,72.873371098000,54.448045318000,86.724022659000,68.256487244000,77.490254952000
34,0.0,VRpeca+PHca/3,VERTISOL,Calc횄징rico,D,PSCA,IEFF,BOSQUE Y SELVA,VSA/SMQ,SELVA MEDIANA SUBPERENNIFOLIA,REGULAR,79.0,1.0,1494.553893000000,0.442950507300,0.029637640300,0.023413735800,72.873371098000,54.448045318000,86.724022659000,68.256487244000,77.490254952000
35,0.0,VRpeca+PHca/3,VERTISOL,Calc횄징rico,D,IAPF,TP,TIERRA CULTIVADA,IAPF,NO APLICABLE,BUENA,89.0,1.0,1494.553893000000,8.189169113700,0.547934012300,0.487661271000,72.873371098000,54.448045318000,86.724022659000,68.256487244000,77.490254952000
36,0.0,VRpeca+PHca/3,VERTISOL,Calc횄징rico,D,IAPF,TAP,TIERRA CULTIVADA,IAPF,NO APLICABLE,MALA,91.0,1.0,1494.553893000000,2.865704429600,0.191743131000,0.174486249200,72.873371098000,54.448045318000,86.724022659000,68.256487244000,77.490254952000
37,0.0,VRpeca+PHca/3,VERTISOL,Calc횄징rico,D,IAPF,TA,TIERRA CULTIVADA,IAPF,NO APLICABLE,MALA,91.0,1.0,1494.553893000000,1.303948812500,0.087246690700,0.079394488500,72.873371098000,54.448045318000,86.724022659000,68.256487244000,77.490254952000
38,0.0,VRpeca+PHca/3,VERTISOL,Calc횄징rico,D,IAPF,TA,TIERRA CULTIVADA,IAPF,NO APLICABLE,MALA,91.0,1.0,1494.553893000000,15.523821555000,1.038692657800,0.945210318600,72.873371098000,54.448045318000,86.724022659000,68.256487244000,77.490254952000
39,0.0,VRpeca+PHca/3,VERTISOL,Calc횄징rico,D,IAPF,PC,PASTIZALES FORRAJE CONTINUO PARA PASTOREO,IAPF,NO APLICABLE,BUENA,80.0,1.0,1494.553893000000,1.882746328800,0.125973799700,0.100779039800,72.873371098000,54.448045318000,86.724022659000,68.256487244000,77.490254952000
40,0.0,VRpeca+PHca/3,VERTISOL,Calc횄징rico,D,AH,AH,ESTACIONAMIENTOS CALLES Y CARRETERAS,AH,NO APLICABLE,MALA,98.0,1.0,1494.553893000000,0.025256408600,0.001689896100,0.001656098200,72.873371098000,54.448045318000,86.724022659000,68.256487244000,77.490254952000
41,0.0,VRpeca+PHca/3,VERTISOL,Calc횄징rico,D,PSSC,IEFF,BOSQUE Y SELVA,VSa/SMQ,SELVA MEDIANA SUBPERENNIFOLIA,MALA,83.0,1.0,1494.553893000000,0.352345789700,0.023575315100,0.019567511500,72.873371098000,54.448045318000,86.724022659000,68.256487244000,77.490254952000
42,0.0,VRpeca+PHca/3,VERTISOL,Calc횄징rico,D,PSCA,IEFF,BOSQUE Y SELVA,VSA/SMQ,SELVA MEDIANA SUBPERENNIFOLIA,REGULAR,79.0,1.0,1494.553893000000,0.245885684300,0.016452112200,0.012997168600,72.873371098000,54.448045318000,86.724022659000,68.256487244000,77.490254952000
43,0.0,VRpeca+PHca/3,VERTISOL,Calc횄징rico,D,PSCA,IEFF,BOSQUE Y SELVA,VSA/SMQ,SELVA MEDIANA SUBPERENNIFOLIA,REGULAR,79.0,1.0,1494.553893000000,0.021589512200,0.001444545500,0.001141191000,72.873371098000,54.448045318000,86.724022659000,68.256487244000,77.490254952000
44,0.0,VRpeca+PHca/3,VERTISOL,Calc횄징rico,D,IAPF,TAS,TIERRA CULTIVADA,IAPF,NO APLICABLE,MALA,91.0,1.0,1494.553893000000,0.430397028000,0.028797692000,0.026205899700,72.873371098000,54.448045318000,86.724022659000,68.256487244000,77.490254952000
45,0.0,VRpeca+PHca/3,VERTISOL,Calc횄징rico,D,IAPF,TA,TIERRA CULTIVADA,IAPF,NO APLICABLE,MALA,91.0,1.0,1494.553893000000,1.438316312500,0.096237166000,0.087575821100,72.873371098000,54.448045318000,86.724022659000,68.256487244000,77.490254952000
46,0.0,VRpeca+PHca/3,VERTISOL,Calc횄징rico,D,IAPF,PC,PASTIZALES FORRAJE CONTINUO PARA PASTOREO,IAPF,NO APLICABLE,BUENA,80.0,1.0,1494.553893000000,0.511245595400,0.034207237200,0.027365789700,72.873371098000,54.448045318000,86.724022659000,68.256487244000,77.490254952000
47,0.0,LVhust+RGsknhu+LPeuhu/3,LUVISOL,St횄징gnico,D,PSSC,IEFF,BOSQUE Y SELVA,VSa/SMQ,SELVA MEDIANA SUBPERENNIFOLIA,MALA,83.0,1.0,1494.553893000000,0.977400767000,0.065397492200,0.054279918600,72.873371098000,54.448045318000,86.724022659000,68.256487244000,77.490254952000
48,0.0,LVhust+RGsknhu+LPeuhu/3,LUVISOL,St횄징gnico,D,PSSC,IEFF,BOSQUE Y SELVA,VSa/SMQ,SELVA MEDIANA SUBPERENNIFOLIA,MALA,83.0,1.0,1494.553893000000,5.948834245600,0.398034107200,0.330368309000,72.873371098000,54.448045318000,86.724022659000,68.256487244000,77.490254952000
49,0.0,LVhust+RGsknhu+LPeuhu/3,LUVISOL,St횄징gnico,D,PSCA,IEFF,BOSQUE Y SELVA,VSA/SMQ,SELVA MEDIANA SUBPERENNIFOLIA,REGULAR,79.0,1.0,1494.553893000000,3.236585675500,0.216558646000,0.171081330300,72.873371098000,54.448045318000,86.724022659000,68.256487244000,77.490254952000
50,0.0,LVhust+RGsknhu+LPeuhu/3,LUVISOL,St횄징gnico,D,PSCA,IEFF,BOSQUE Y SELVA,VSA/SMQ,SELVA MEDIANA SUBPERENNIFOLIA,REGULAR,79.0,1.0,1494.553893000000,0.160625341000,0.010747376900,0.008490427800,72.873371098000,54.448045318000,86.724022659000,68.256487244000,77.490254952000
51,0.0,LVhust+RGsknhu+LPeuhu/3,LUVISOL,St횄징gnico,D,IAPF,TA,TIERRA CULTIVADA,IAPF,NO APLICABLE,MALA,91.0,1.0,1494.553893000000,3.431375687000,0.229591967400,0.208928690300,72.873371098000,54.448045318000,86.724022659000,68.256487244000,77.490254952000
52,0.0,LVhust+RGsknhu+LPeuhu/3,LUVISOL,St횄징gnico,D,IAPF,PC,PASTIZALES FORRAJE CONTINUO PARA PASTOREO,IAPF,NO APLICABLE,BUENA,80.0,1.0,1494.553893000000,0.649003732600,0.043424578700,0.034739663000,72.873371098000,54.448045318000,86.724022659000,68.256487244000,77.490254952000
53,0.0,LVhust+RGsknhu+LPeuhu/3,LUVISOL,St횄징gnico,D,PSSC,IEFF,BOSQUE Y SELVA,VSa/SMQ,SELVA MEDIANA SUBPERENNIFOLIA,MALA,83.0,1.0,1494.553893000000,1.570410804600,0.105075555400,0.087212711000,72.873371098000,54.448045318000,86.724022659000,68.256487244000,77.490254952000
54,0.0,LVhust+RGsknhu+LPeuhu/3,LUVISOL,St횄징gnico,D,PSCA,IEFF,BOSQUE Y SELVA,VSA/SMQ,SELVA MEDIANA SUBPERENNIFOLIA,REGULAR,79.0,1.0,1494.553893000000,0.311354567300,0.020832608900,0.016457761000,72.873371098000,54.448045318000,86.724022659000,68.256487244000,77.490254952000
55,0.0,LVhust+RGsknhu+LPeuhu/3,LUVISOL,St횄징gnico,D,PSCA,IEFF,BOSQUE Y SELVA,VSA/SMQ,SELVA MEDIANA SUBPERENNIFOLIA,REGULAR,79.0,1.0,1494.553893000000,0.437372369800,0.029264409300,0.023118883400,72.873371098000,54.448045318000,86.724022659000,68.256487244000,77.490254952000
56,0.0,LVhust+RGsknhu+LPeuhu/3,LUVISOL,St횄징gnico,D,PPCA,IEFF,BOSQUE Y SELVA,SAP,SELVA ALTA PERENNIFOLIA,REGULAR,79.0,1.0,1494.553893000000,1.145315109800,0.076632573400,0.060539733000,72.873371098000,54.448045318000,86.724022659000,68.256487244000,77.490254952000
57,0.0,LVhust+RGsknhu+LPeuhu/3,LUVISOL,St횄징gnico,D,IAPF,TA,TIERRA CULTIVADA,IAPF,NO APLICABLE,MALA,91.0,1.0,1494.553893000000,1.400065806300,0.093677840100,0.085246834500,72.873371098000,54.448045318000,86.724022659000,68.256487244000,77.490254952000
58,0.0,LVhust+RGsknhu+LPeuhu/3,LUVISOL,St횄징gnico,D,IAPF,TA,TIERRA CULTIVADA,IAPF,NO APLICABLE,MALA,91.0,1.0,1494.553893000000,0.035682512200,0.002387502500,0.002172627300,72.873371098000,54.448045318000,86.724022659000,68.256487244000,77.490254952000
59,0.0,LVhust+RGsknhu+LPeuhu/3,LUVISOL,St횄징gnico,D,IAPF,PC,PASTIZALES FORRAJE CONTINUO PARA PASTOREO,IAPF,NO APLICABLE,BUENA,80.0,1.0,1494.553893000000,0.114034285400,0.007629988100,0.006103990500,72.873371098000,54.448045318000,86.724022659000,68.256487244000,77.490254952000
60,0.0,PHca+RGcalep/2R,PHAEOZEM,Calc횄징rico,B,PSCC,IEFF,BOSQUE Y SELVA,VSA/SMQ,SELVA MEDIANA SUBPERENNIFOLIA,BUENA,55.0,1.0,1494.553893000000,8.658595391800,0.579343135800,0.318638724700,72.873371098000,54.448045318000,86.724022659000,68.256487244000,77.490254952000
61,0.0,PHca+RGcalep/2R,PHAEOZEM,Calc횄징rico,B,PSCA,IEFF,BOSQUE Y SELVA,VSA/SMQ,SELVA MEDIANA SUBPERENNIFOLIA,REGULAR,60.0,1.0,1494.553893000000,7.756812413500,0.519005199400,0.311403119600,72.873371098000,54.448045318000,86.724022659000,68.256487244000,77.490254952000
62,0.0,PHca+RGcalep/2R,PHAEOZEM,Calc횄징rico,B,IAPF,TP,TIERRA CULTIVADA,IAPF,NO APLICABLE,BUENA,78.0,1.0,1494.553893000000,2.501662604700,0.167385238900,0.130560486300,72.873371098000,54.448045318000,86.724022659000,68.256487244000,77.490254952000
63,0.0,PHca+RGcalep/2R,PHAEOZEM,Calc횄징rico,B,IAPF,TA,TIERRA CULTIVADA,IAPF,NO APLICABLE,MALA,81.0,1.0,1494.553893000000,1.025557486500,0.068619639000,0.055581907600,72.873371098000,54.448045318000,86.724022659000,68.256487244000,77.490254952000
64,0.0,PHca+RGcalep/2R,PHAEOZEM,Calc횄징rico,B,IAPF,TA,TIERRA CULTIVADA,IAPF,NO APLICABLE,MALA,81.0,1.0,1494.553893000000,0.226097570800,0.015128097500,0.012253759000,72.873371098000,54.448045318000,86.724022659000,68.256487244000,77.490254952000
65,0.0,PHca+RGcalep/2R,PHAEOZEM,Calc횄징rico,B,IAPF,PC,PASTIZALES FORRAJE CONTINUO PARA PASTOREO,IAPF,NO APLICABLE,BUENA,61.0,1.0,1494.553893000000,0.315758227200,0.021127256000,0.012887626100,72.873371098000,54.448045318000,86.724022659000,68.256487244000,77.490254952000
66,0.0,PHca+RGcalep/2R,PHAEOZEM,Calc횄징rico,B,AH,AH,ESTACIONAMIENTOS CALLES Y CARRETERAS,AH,NO APLICABLE,MALA,98.0,1.0,1494.553893000000,0.094049786300,0.006292833300,0.006166976700,72.873371098000,54.448045318000,86.724022659000,68.256487244000,77.490254952000
67,0.0,PHca+RGcalep/2R,PHAEOZEM,Calc횄징rico,B,AH,AH,ESTACIONAMIENTOS CALLES Y CARRETERAS,AH,NO APLICABLE,MALA,98.0,1.0,1494.553893000000,0.101508774600,0.006791911200,0.006656073000,72.873371098000,54.448045318000,86.724022659000,68.256487244000,77.490254952000
68,0.0,PHca+RGcalep/2R,PHAEOZEM,Calc횄징rico,B,PSSC,IEFF,BOSQUE Y SELVA,VSa/SMQ,SELVA MEDIANA SUBPERENNIFOLIA,MALA,66.0,1.0,1494.553893000000,0.720016298000,0.048176000900,0.031796160600,72.873371098000,54.448045318000,86.724022659000,68.256487244000,77.490254952000
69,0.0,PHca+RGcalep/2R,PHAEOZEM,Calc횄징rico,B,PSSC,IEFF,BOSQUE Y SELVA,VSa/SAP,SELVA ALTA PERENNIFOLIA,MALA,66.0,1.0,1494.553893000000,1.975193634000,0.132159411700,0.087225211700,72.873371098000,54.448045318000,86.724022659000,68.256487244000,77.490254952000
70,0.0,PHca+RGcalep/2R,PHAEOZEM,Calc횄징rico,B,PSSC,IEFF,BOSQUE Y SELVA,VSa/SAP,SELVA ALTA PERENNIFOLIA,MALA,66.0,1.0,1494.553893000000,0.939824922600,0.062883307600,0.041502983000,72.873371098000,54.448045318000,86.724022659000,68.256487244000,77.490254952000
71,0.0,PHca+RGcalep/2R,PHAEOZEM,Calc횄징rico,B,PSCC,IEFF,BOSQUE Y SELVA,VSA/SMQ,SELVA MEDIANA SUBPERENNIFOLIA,BUENA,55.0,1.0,1494.553893000000,4.731878390800,0.316608080300,0.174134444100,72.873371098000,54.448045318000,86.724022659000,68.256487244000,77.490254952000
72,0.0,PHca+RGcalep/2R,PHAEOZEM,Calc횄징rico,B,PSCC,IEFF,BOSQUE Y SELVA,VSA/SAP,SELVA ALTA PERENNIFOLIA,BUENA,55.0,1.0,1494.553893000000,12.216905509000,0.817428235000,0.449585529200,72.873371098000,54.448045318000,86.724022659000,68.256487244000,77.490254952000
73,0.0,PHca+RGcalep/2R,PHAEOZEM,Calc횄징rico,B,PSCC,IEFF,BOSQUE Y SELVA,VSA/SAP,SELVA ALTA PERENNIFOLIA,BUENA,55.0,1.0,1494.553893000000,4.149110471900,0.277615313200,0.152688422200,72.873371098000,54.448045318000,86.724022659000,68.256487244000,77.490254952000
74,0.0,PHca+RGcalep/2R,PHAEOZEM,Calc횄징rico,B,PSCA,IEFF,BOSQUE Y SELVA,VSA/SMQ,SELVA MEDIANA SUBPERENNIFOLIA,REGULAR,60.0,1.0,1494.553893000000,1.124266058100,0.075224189800,0.045134513900,72.873371098000,54.448045318000,86.724022659000,68.256487244000,77.490254952000
75,0.0,PHca+RGcalep/2R,PHAEOZEM,Calc횄징rico,B,IAPF,TP,TIERRA CULTIVADA,IAPF,NO APLICABLE,BUENA,78.0,1.0,1494.553893000000,0.066539702100,0.004452144700,0.003472672800,72.873371098000,54.448045318000,86.724022659000,68.256487244000,77.490254952000
76,0.0,PHca+RGcalep/2R,PHAEOZEM,Calc횄징rico,B,IAPF,TAS,TIERRA CULTIVADA,IAPF,NO APLICABLE,MALA,81.0,1.0,1494.553893000000,25.616734727000,1.714005419600,1.388344389900,72.873371098000,54.448045318000,86.724022659000,68.256487244000,77.490254952000
77,0.0,PHca+RGcalep/2R,PHAEOZEM,Calc횄징rico,B,IAPF,TA,TIERRA CULTIVADA,IAPF,NO APLICABLE,MALA,81.0,1.0,1494.553893000000,1.154210674000,0.077227772000,0.062554495300,72.873371098000,54.448045318000,86.724022659000,68.256487244000,77.490254952000
78,0.0,PHca+RGcalep/2R,PHAEOZEM,Calc횄징rico,B,IAPF,TA,TIERRA CULTIVADA,IAPF,NO APLICABLE,MALA,81.0,1.0,1494.553893000000,0.947942662500,0.063426462300,0.051375434500,72.873371098000,54.448045318000,86.724022659000,68.256487244000,77.490254952000
79,0.0,PHca+RGcalep/2R,PHAEOZEM,Calc횄징rico,B,IAPF,TA,TIERRA CULTIVADA,IAPF,NO APLICABLE,MALA,81.0,1.0,1494.553893000000,0.026167611300,0.001750864300,0.001418200100,72.873371098000,54.448045318000,86.724022659000,68.256487244000,77.490254952000
80,0.0,PHca+RGcalep/2R,PHAEOZEM,Calc횄징rico,B,IAPF,TA,TIERRA CULTIVADA,IAPF,NO APLICABLE,MALA,81.0,1.0,1494.553893000000,0.683673503400,0.045744319100,0.037052898500,72.873371098000,54.448045318000,86.724022659000,68.256487244000,77.490254952000
81,0.0,PHca+RGcalep/2R,PHAEOZEM,Calc횄징rico,B,IAPF,TA,TIERRA CULTIVADA,IAPF,NO APLICABLE,MALA,81.0,1.0,1494.553893000000,0.860693027100,0.057588624300,0.046646785700,72.873371098000,54.448045318000,86.724022659000,68.256487244000,77.490254952000
82,0.0,PHca+RGcalep/2R,PHAEOZEM,Calc횄징rico,B,IAPF,PC,PASTIZALES FORRAJE CONTINUO PARA PASTOREO,IAPF,NO APLICABLE,BUENA,61.0,1.0,1494.553893000000,2.069332525100,0.138458207100,0.084459506300,72.873371098000,54.448045318000,86.724022659000,68.256487244000,77.490254952000
83,0.0,PHca+RGcalep/2R,PHAEOZEM,Calc횄징rico,B,IAPF,PC,PASTIZALES FORRAJE CONTINUO PARA PASTOREO,IAPF,NO APLICABLE,BUENA,61.0,1.0,1494.553893000000,0.051317147400,0.003433609700,0.002094501900,72.873371098000,54.448045318000,86.724022659000,68.256487244000,77.490254952000
84,0.0,PHca+RGcalep/2R,PHAEOZEM,Calc횄징rico,B,IAPF,PC,PASTIZALES FORRAJE CONTINUO PARA PASTOREO,IAPF,NO APLICABLE,BUENA,61.0,1.0,1494.553893000000,2.325803916700,0.155618604800,0.094927348900,72.873371098000,54.448045318000,86.724022659000,68.256487244000,77.490254952000
85,0.0,PHca+RGcalep/2R,PHAEOZEM,Calc횄징rico,B,IAPF,PC,PASTIZALES FORRAJE CONTINUO PARA PASTOREO,IAPF,NO APLICABLE,BUENA,61.0,1.0,1494.553893000000,5.784128015300,0.387013679600,0.236078344500,72.873371098000,54.448045318000,86.724022659000,68.256487244000,77.490254952000
86,0.0,PHca+RGcalep/2R,PHAEOZEM,Calc횄징rico,B,IAPF,PC,PASTIZALES FORRAJE CONTINUO PARA PASTOREO,IAPF,NO APLICABLE,BUENA,61.0,1.0,1494.553893000000,2.712284178200,0.181477843700,0.110701484600,72.873371098000,54.448045318000,86.724022659000,68.256487244000,77.490254952000
87,0.0,PHca+RGcalep/2R,PHAEOZEM,Calc횄징rico,B,AH,AH,ESTACIONAMIENTOS CALLES Y CARRETERAS,AH,NO APLICABLE,MALA,98.0,1.0,1494.553893000000,0.022088426700,0.001477927700,0.001448369100,72.873371098000,54.448045318000,86.724022659000,68.256487244000,77.490254952000
88,0.0,PHlvlen+RGeu+LPli/3r,PHAEOZEM,Endol횄짤ptico,D,PSSC,IEFF,BOSQUE Y SELVA,VSa/SAP,SELVA ALTA PERENNIFOLIA,MALA,83.0,1.0,1494.553893000000,40.762731976000,2.727418005000,2.263756944200,72.873371098000,54.448045318000,86.724022659000,68.256487244000,77.490254952000
89,0.0,PHlvlen+RGeu+LPli/3r,PHAEOZEM,Endol횄짤ptico,D,PSSC,IEFF,BOSQUE Y SELVA,VSh/SAP,SELVA ALTA PERENNIFOLIA,MALA,83.0,1.0,1494.553893000000,0.087722552900,0.005869480700,0.004871669000,72.873371098000,54.448045318000,86.724022659000,68.256487244000,77.490254952000
90,0.0,PHlvlen+RGeu+LPli/3r,PHAEOZEM,Endol횄짤ptico,D,PSSC,IEFF,BOSQUE Y SELVA,VSa/SAP,SELVA ALTA PERENNIFOLIA,MALA,83.0,1.0,1494.553893000000,18.015863576000,1.205434187300,1.000510375500,72.873371098000,54.448045318000,86.724022659000,68.256487244000,77.490254952000
91,0.0,PHlvlen+RGeu+LPli/3r,PHAEOZEM,Endol횄짤ptico,D,PSCA,IEFF,BOSQUE Y SELVA,VSA/SAP,SELVA ALTA PERENNIFOLIA,REGULAR,79.0,1.0,1494.553893000000,5.535908016100,0.370405379200,0.292620249600,72.873371098000,54.448045318000,86.724022659000,68.256487244000,77.490254952000
92,0.0,PHlvlen+RGeu+LPli/3r,PHAEOZEM,Endol횄짤ptico,D,PSCA,IEFF,BOSQUE Y SELVA,VSA/SAP,SELVA ALTA PERENNIFOLIA,REGULAR,79.0,1.0,1494.553893000000,7.379049083400,0.493729206900,0.390046073400,72.873371098000,54.448045318000,86.724022659000,68.256487244000,77.490254952000
93,0.0,PHlvlen+RGeu+LPli/3r,PHAEOZEM,Endol횄짤ptico,D,IAPF,TAS,TIERRA CULTIVADA,IAPF,NO APLICABLE,MALA,91.0,1.0,1494.553893000000,5.026096857400,0.336294119600,0.306027648800,72.873371098000,54.448045318000,86.724022659000,68.256487244000,77.490254952000
94,0.0,PHlvlen+RGeu+LPli/3r,PHAEOZEM,Endol횄짤ptico,D,IAPF,TAS,TIERRA CULTIVADA,IAPF,NO APLICABLE,MALA,91.0,1.0,1494.553893000000,10.867595484000,0.727146443700,0.661703263800,72.873371098000,54.448045318000,86.724022659000,68.256487244000,77.490254952000
95,0.0,PHlvlen+RGeu+LPli/3r,PHAEOZEM,Endol횄짤ptico,D,IAPF,TAS,TIERRA CULTIVADA,IAPF,NO APLICABLE,MALA,91.0,1.0,1494.553893000000,20.485944716000,1.370706323200,1.247342754100,72.873371098000,54.448045318000,86.724022659000,68.256487244000,77.490254952000
96,0.0,PHlvlen+RGeu+LPli/3r,PHAEOZEM,Endol횄짤ptico,D,IAPF,TAS,TIERRA CULTIVADA,IAPF,NO APLICABLE,MALA,91.0,1.0,1494.553893000000,1.576551507500,0.105486427400,0.095992648900,72.873371098000,54.448045318000,86.724022659000,68.256487244000,77.490254952000
97,0.0,PHlvlen+RGeu+LPli/3r,PHAEOZEM,Endol횄짤ptico,D,IAPF,TAS,TIERRA CULTIVADA,IAPF,NO APLICABLE,MALA,91.0,1.0,1494.553893000000,6.999283676000,0.468319256200,0.426170523100,72.873371098000,54.448045318000,86.724022659000,68.256487244000,77.490254952000
98,0.0,PHlvlen+RGeu+LPli/3r,PHAEOZEM,Endol횄짤ptico,D,IAPF,TA,TIERRA CULTIVADA,IAPF,NO APLICABLE,MALA,91.0,1.0,1494.553893000000,0.429828029200,0.028759620500,0.026171254700,72.873371098000,54.448045318000,86.724022659000,68.256487244000,77.490254952000
99,0.0,PHlvlen+RGeu+LPli/3r,PHAEOZEM,Endol횄짤ptico,D,IAPF,TA,TIERRA CULTIVADA,IAPF,NO APLICABLE,MALA,91.0,1.0,1494.553893000000,5.070134355400,0.339240650900,0.308708992300,72.873371098000,54.448045318000,86.724022659000,68.256487244000,77.490254952000
100,0.0,PHlvlen+RGeu+LPli/3r,PHAEOZEM,Endol횄짤ptico,D,IAPF,PC,PASTIZALES FORRAJE CONTINUO PARA PASTOREO,IAPF,NO APLICABLE,BUENA,80.0,1.0,1494.553893000000,0.179390302700,0.012002933000,0.009602346400,72.873371098000,54.448045318000,86.724022659000,68.256487244000,77.490254952000
101,0.0,PHlvlen+RGeu+LPli/3r,PHAEOZEM,Endol횄짤ptico,D,IAPF,PC,PASTIZALES FORRAJE CONTINUO PARA PASTOREO,IAPF,NO APLICABLE,BUENA,80.0,1.0,1494.553893000000,0.112780405500,0.007546091500,0.006036873200,72.873371098000,54.448045318000,86.724022659000,68.256487244000,77.490254952000
102,0.0,PHlvlen+RGeu+LPli/3r,PHAEOZEM,Endol횄짤ptico,D,IAPF,PC,PASTIZALES FORRAJE CONTINUO PARA PASTOREO,IAPF,NO APLICABLE,BUENA,80.0,1.0,1494.553893000000,0.251119454500,0.016802301700,0.013441841300,72.873371098000,54.448045318000,86.724022659000,68.256487244000,77.490254952000
103,0.0,PHlvlen+RGeu+LPli/3r,PHAEOZEM,Endol횄짤ptico,D,IAPF,PC,PASTIZALES FORRAJE CONTINUO PARA PASTOREO,IAPF,NO APLICABLE,BUENA,80.0,1.0,1494.553893000000,0.005279202300,0.000353229300,0.000282583400,72.873371098000,54.448045318000,86.724022659000,68.256487244000,77.490254952000
104,0.0,PHha+FLeu/3R,PHAEOZEM,H횄징plico,D,ZU,ZU,ESTACIONAMIENTOS CALLES Y CARRETERAS,ZU,NO APLICABLE,MALA,98.0,1.0,1494.553893000000,0.385804031000,0.025813992500,0.025297712700,72.873371098000,54.448045318000,86.724022659000,68.256487244000,77.490254952000
105,0.0,PHha+FLeu/3R,PHAEOZEM,H횄징plico,D,PSSC,IEFF,BOSQUE Y SELVA,VSa/SAP,SELVA ALTA PERENNIFOLIA,MALA,83.0,1.0,1494.553893000000,0.150304971100,0.010056845100,0.008347181500,72.873371098000,54.448045318000,86.724022659000,68.256487244000,77.490254952000
106,0.0,PHha+FLeu/3R,PHAEOZEM,H횄징plico,D,PSSC,IEFF,BOSQUE Y SELVA,VSa/SMQ,SELVA MEDIANA SUBPERENNIFOLIA,MALA,83.0,1.0,1494.553893000000,0.007027552700,0.000470210700,0.000390274900,72.873371098000,54.448045318000,86.724022659000,68.256487244000,77.490254952000
107,0.0,PHha+FLeu/3R,PHAEOZEM,H횄징plico,D,PSSC,IEFF,BOSQUE Y SELVA,VSa/SAP,SELVA ALTA PERENNIFOLIA,MALA,83.0,1.0,1494.553893000000,0.605163013400,0.040491213800,0.033607707500,72.873371098000,54.448045318000,86.724022659000,68.256487244000,77.490254952000
108,0.0,PHha+FLeu/3R,PHAEOZEM,H횄징plico,D,PSSC,IEFF,BOSQUE Y SELVA,VSa/SAP,SELVA ALTA PERENNIFOLIA,MALA,83.0,1.0,1494.553893000000,2.827404318600,0.189180486000,0.157019803300,72.873371098000,54.448045318000,86.724022659000,68.256487244000,77.490254952000
109,0.0,PHha+FLeu/3R,PHAEOZEM,H횄징plico,D,PSSC,IEFF,BOSQUE Y SELVA,VSa/SAP,SELVA ALTA PERENNIFOLIA,MALA,83.0,1.0,1494.553893000000,2.809781809800,0.188001371000,0.156041137900,72.873371098000,54.448045318000,86.724022659000,68.256487244000,77.490254952000
110,0.0,PHha+FLeu/3R,PHAEOZEM,H횄징plico,D,PSSC,IEFF,BOSQUE Y SELVA,VSa/SAP,SELVA ALTA PERENNIFOLIA,MALA,83.0,1.0,1494.553893000000,0.379965206700,0.025423319100,0.021101354900,72.873371098000,54.448045318000,86.724022659000,68.256487244000,77.490254952000
111,0.0,PHha+FLeu/3R,PHAEOZEM,H횄징plico,D,PSSC,IEFF,BOSQUE Y SELVA,VSa/SAP,SELVA ALTA PERENNIFOLIA,MALA,83.0,1.0,1494.553893000000,8.694718457500,0.581760115600,0.482860896000,72.873371098000,54.448045318000,86.724022659000,68.256487244000,77.490254952000
112,0.0,PHha+FLeu/3R,PHAEOZEM,H횄징plico,D,PSSC,IEFF,BOSQUE Y SELVA,VSa/SAP,SELVA ALTA PERENNIFOLIA,MALA,83.0,1.0,1494.553893000000,2.318806911600,0.155150438000,0.128774863500,72.873371098000,54.448045318000,86.724022659000,68.256487244000,77.490254952000
113,0.0,PHha+FLeu/3R,PHAEOZEM,H횄징plico,D,PSCC,IEFF,BOSQUE Y SELVA,VSA/SAP,SELVA ALTA PERENNIFOLIA,BUENA,70.0,1.0,1494.553893000000,0.163059403300,0.010910239100,0.007637167300,72.873371098000,54.448045318000,86.724022659000,68.256487244000,77.490254952000
114,0.0,PHha+FLeu/3R,PHAEOZEM,H횄징plico,D,PSCA,IEFF,BOSQUE Y SELVA,VSA/SMQ,SELVA MEDIANA SUBPERENNIFOLIA,REGULAR,79.0,1.0,1494.553893000000,0.375532657700,0.025126739100,0.019850123900,72.873371098000,54.448045318000,86.724022659000,68.256487244000,77.490254952000
115,0.0,PHha+FLeu/3R,PHAEOZEM,H횄징plico,D,PSCA,IEFF,BOSQUE Y SELVA,VSA/SMQ,SELVA MEDIANA SUBPERENNIFOLIA,REGULAR,79.0,1.0,1494.553893000000,0.173807275100,0.011629374800,0.009187206100,72.873371098000,54.448045318000,86.724022659000,68.256487244000,77.490254952000
116,0.0,PHha+FLeu/3R,PHAEOZEM,H횄징plico,D,PSCA,IEFF,BOSQUE Y SELVA,VSA/SAP,SELVA ALTA PERENNIFOLIA,REGULAR,79.0,1.0,1494.553893000000,0.134581751400,0.009004810800,0.007113800500,72.873371098000,54.448045318000,86.724022659000,68.256487244000,77.490254952000
117,0.0,PHha+FLeu/3R,PHAEOZEM,H횄징plico,D,PPCA,IEFF,BOSQUE Y SELVA,SAP,SELVA ALTA PERENNIFOLIA,REGULAR,79.0,1.0,1494.553893000000,0.607403380600,0.040641115900,0.032106481600,72.873371098000,54.448045318000,86.724022659000,68.256487244000,77.490254952000
118,0.0,PHha+FLeu/3R,PHAEOZEM,H횄징plico,D,IAPF,TP,TIERRA CULTIVADA,IAPF,NO APLICABLE,BUENA,89.0,1.0,1494.553893000000,0.235040697200,0.015726478500,0.013996565900,72.873371098000,54.448045318000,86.724022659000,68.256487244000,77.490254952000
119,0.0,PHha+FLeu/3R,PHAEOZEM,H횄징plico,D,IAPF,TP,TIERRA CULTIVADA,IAPF,NO APLICABLE,BUENA,89.0,1.0,1494.553893000000,0.050115142500,0.003353184000,0.002984333700,72.873371098000,54.448045318000,86.724022659000,68.256487244000,77.490254952000
120,0.0,PHha+FLeu/3R,PHAEOZEM,H횄징plico,D,IAPF,TP,TIERRA CULTIVADA,IAPF,NO APLICABLE,BUENA,89.0,1.0,1494.553893000000,0.036515103500,0.002443210800,0.002174457600,72.873371098000,54.448045318000,86.724022659000,68.256487244000,77.490254952000
121,0.0,PHha+FLeu/3R,PHAEOZEM,H횄징plico,D,IAPF,TAS,TIERRA CULTIVADA,IAPF,NO APLICABLE,MALA,91.0,1.0,1494.553893000000,1.896155046100,0.126870971600,0.115452584200,72.873371098000,54.448045318000,86.724022659000,68.256487244000,77.490254952000
122,0.0,PHha+FLeu/3R,PHAEOZEM,H횄징plico,D,IAPF,TAS,TIERRA CULTIVADA,IAPF,NO APLICABLE,MALA,91.0,1.0,1494.553893000000,0.046302483300,0.003098080500,0.002819253200,72.873371098000,54.448045318000,86.724022659000,68.256487244000,77.490254952000
123,0.0,PHha+FLeu/3R,PHAEOZEM,H횄징plico,D,IAPF,TAS,TIERRA CULTIVADA,IAPF,NO APLICABLE,MALA,91.0,1.0,1494.553893000000,0.216347419600,0.014475718800,0.013172904100,72.873371098000,54.448045318000,86.724022659000,68.256487244000,77.490254952000
124,0.0,PHha+FLeu/3R,PHAEOZEM,H횄징plico,D,IAPF,TAS,TIERRA CULTIVADA,IAPF,NO APLICABLE,MALA,91.0,1.0,1494.553893000000,0.255548268500,0.017098631800,0.015559755000,72.873371098000,54.448045318000,86.724022659000,68.256487244000,77.490254952000
125,0.0,PHha+FLeu/3R,PHAEOZEM,H횄징plico,D,IAPF,TAS,TIERRA CULTIVADA,IAPF,NO APLICABLE,MALA,91.0,1.0,1494.553893000000,24.297457800000,1.625733130900,1.479417149100,72.873371098000,54.448045318000,86.724022659000,68.256487244000,77.490254952000
126,0.0,PHha+FLeu/3R,PHAEOZEM,H횄징plico,D,IAPF,TAS,TIERRA CULTIVADA,IAPF,NO APLICABLE,MALA,91.0,1.0,1494.553893000000,0.212456177700,0.014215357400,0.012935975200,72.873371098000,54.448045318000,86.724022659000,68.256487244000,77.490254952000
127,0.0,PHha+FLeu/3R,PHAEOZEM,H횄징plico,D,IAPF,TAS,TIERRA CULTIVADA,IAPF,NO APLICABLE,MALA,91.0,1.0,1494.553893000000,6.556597922300,0.438699330400,0.399216390700,72.873371098000,54.448045318000,86.724022659000,68.256487244000,77.490254952000
128,0.0,PHha+FLeu/3R,PHAEOZEM,H횄징plico,D,IAPF,TAS,TIERRA CULTIVADA,IAPF,NO APLICABLE,MALA,91.0,1.0,1494.553893000000,4.576429866900,0.306207082100,0.278648444700,72.873371098000,54.448045318000,86.724022659000,68.256487244000,77.490254952000
129,0.0,PHha+FLeu/3R,PHAEOZEM,H횄징plico,D,IAPF,TAP,TIERRA CULTIVADA,IAPF,NO APLICABLE,MALA,91.0,1.0,1494.553893000000,1.237192618100,0.082780060500,0.075329855100,72.873371098000,54.448045318000,86.724022659000,68.256487244000,77.490254952000
130,0.0,PHha+FLeu/3R,PHAEOZEM,H횄징plico,D,IAPF,TA,TIERRA CULTIVADA,IAPF,NO APLICABLE,MALA,91.0,1.0,1494.553893000000,1.231283925700,0.082384712300,0.074970088200,72.873371098000,54.448045318000,86.724022659000,68.256487244000,77.490254952000
131,0.0,PHha+FLeu/3R,PHAEOZEM,H횄징plico,D,IAPF,TA,TIERRA CULTIVADA,IAPF,NO APLICABLE,MALA,91.0,1.0,1494.553893000000,1.265620025800,0.084682127000,0.077060735500,72.873371098000,54.448045318000,86.724022659000,68.256487244000,77.490254952000
132,0.0,PHha+FLeu/3R,PHAEOZEM,H횄징plico,D,IAPF,TA,TIERRA CULTIVADA,IAPF,NO APLICABLE,MALA,91.0,1.0,1494.553893000000,1.728010103200,0.115620461100,0.105214619600,72.873371098000,54.448045318000,86.724022659000,68.256487244000,77.490254952000
133,0.0,PHha+FLeu/3R,PHAEOZEM,H횄징plico,D,IAPF,TA,TIERRA CULTIVADA,IAPF,NO APLICABLE,MALA,91.0,1.0,1494.553893000000,0.281824480900,0.018856762600,0.017159654000,72.873371098000,54.448045318000,86.724022659000,68.256487244000,77.490254952000
134,0.0,PHha+FLeu/3R,PHAEOZEM,H횄징plico,D,IAPF,TA,TIERRA CULTIVADA,IAPF,NO APLICABLE,MALA,91.0,1.0,1494.553893000000,1.334057162100,0.089261228200,0.081227717700,72.873371098000,54.448045318000,86.724022659000,68.256487244000,77.490254952000
135,0.0,PHha+FLeu/3R,PHAEOZEM,H횄징plico,D,IAPF,TA,TIERRA CULTIVADA,IAPF,NO APLICABLE,MALA,91.0,1.0,1494.553893000000,2.402063599100,0.160721109500,0.146256209600,72.873371098000,54.448045318000,86.724022659000,68.256487244000,77.490254952000
136,0.0,PHha+FLeu/3R,PHAEOZEM,H횄징plico,D,IAPF,TA,TIERRA CULTIVADA,IAPF,NO APLICABLE,MALA,91.0,1.0,1494.553893000000,10.137875376000,0.678321164800,0.617272259900,72.873371098000,54.448045318000,86.724022659000,68.256487244000,77.490254952000
137,0.0,PHha+FLeu/3R,PHAEOZEM,H횄징plico,D,IAPF,PC,PASTIZALES FORRAJE CONTINUO PARA PASTOREO,IAPF,NO APLICABLE,BUENA,80.0,1.0,1494.553893000000,32.290351924000,2.160534462700,1.728427570200,72.873371098000,54.448045318000,86.724022659000,68.256487244000,77.490254952000
138,0.0,PHha+FLeu/3R,PHAEOZEM,H횄징plico,D,IAPF,PC,PASTIZALES FORRAJE CONTINUO PARA PASTOREO,IAPF,NO APLICABLE,BUENA,80.0,1.0,1494.553893000000,1.168482859600,0.078182718200,0.062546174600,72.873371098000,54.448045318000,86.724022659000,68.256487244000,77.490254952000
139,0.0,PHha+FLeu/3R,PHAEOZEM,H횄징plico,D,IAPF,PC,PASTIZALES FORRAJE CONTINUO PARA PASTOREO,IAPF,NO APLICABLE,BUENA,80.0,1.0,1494.553893000000,6.900223446000,0.461691176000,0.369352940800,72.873371098000,54.448045318000,86.724022659000,68.256487244000,77.490254952000
140,0.0,PHha+FLeu/3R,PHAEOZEM,H횄징plico,D,IAPF,PC,PASTIZALES FORRAJE CONTINUO PARA PASTOREO,IAPF,NO APLICABLE,BUENA,80.0,1.0,1494.553893000000,4.072011474100,0.272456650300,0.217965320200,72.873371098000,54.448045318000,86.724022659000,68.256487244000,77.490254952000
141,0.0,PHha+FLeu/3R,PHAEOZEM,H횄징plico,D,IAPF,PC,PASTIZALES FORRAJE CONTINUO PARA PASTOREO,IAPF,NO APLICABLE,BUENA,80.0,1.0,1494.553893000000,3.464462491600,0.231805792100,0.185444633700,72.873371098000,54.448045318000,86.724022659000,68.256487244000,77.490254952000
142,0.0,PHha+FLeu/3R,PHAEOZEM,H횄징plico,D,IAPF,TP,TIERRA CULTIVADA,IAPF,NO APLICABLE,BUENA,89.0,1.0,1494.553893000000,0.067824803700,0.004538130300,0.004038936000,72.873371098000,54.448045318000,86.724022659000,68.256487244000,77.490254952000
143,0.0,UMhust+RGsknhu+LPhu/3,UMBRISOL,St횄징gnico,D,PSSC,IEFF,BOSQUE Y SELVA,VSa/SAP,SELVA ALTA PERENNIFOLIA,MALA,83.0,1.0,1494.553893000000,1.686900755600,0.112869851200,0.093681976500,72.873371098000,54.448045318000,86.724022659000,68.256487244000,77.490254952000
144,0.0,UMhust+RGsknhu+LPhu/3,UMBRISOL,St횄징gnico,D,PSSC,IEFF,BOSQUE Y SELVA,VSa/SAP,SELVA ALTA PERENNIFOLIA,MALA,83.0,1.0,1494.553893000000,41.149281933000,2.753281907300,2.285223983000,72.873371098000,54.448045318000,86.724022659000,68.256487244000,77.490254952000
145,0.0,UMhust+RGsknhu+LPhu/3,UMBRISOL,St횄징gnico,D,PSSC,IEFF,BOSQUE Y SELVA,VSh/SAP,SELVA ALTA PERENNIFOLIA,MALA,83.0,1.0,1494.553893000000,6.076596419100,0.406582622900,0.337463577000,72.873371098000,54.448045318000,86.724022659000,68.256487244000,77.490254952000
146,0.0,UMhust+RGsknhu+LPhu/3,UMBRISOL,St횄징gnico,D,PSSC,IEFF,BOSQUE Y SELVA,VSh/SAP,SELVA ALTA PERENNIFOLIA,MALA,83.0,1.0,1494.553893000000,0.010391294900,0.000695277300,0.000577080200,72.873371098000,54.448045318000,86.724022659000,68.256487244000,77.490254952000
147,0.0,UMhust+RGsknhu+LPhu/3,UMBRISOL,St횄징gnico,D,PSSC,IEFF,BOSQUE Y SELVA,VSa/SAP,SELVA ALTA PERENNIFOLIA,MALA,83.0,1.0,1494.553893000000,90.856057349000,6.079142262400,5.045688077800,72.873371098000,54.448045318000,86.724022659000,68.256487244000,77.490254952000
148,0.0,UMhust+RGsknhu+LPhu/3,UMBRISOL,St횄징gnico,D,PSSC,IEFF,BOSQUE Y SELVA,VSa/SAP,SELVA ALTA PERENNIFOLIA,MALA,83.0,1.0,1494.553893000000,2.399951740900,0.160579805900,0.133281238900,72.873371098000,54.448045318000,86.724022659000,68.256487244000,77.490254952000
149,0.0,UMhust+RGsknhu+LPhu/3,UMBRISOL,St횄징gnico,D,PSSC,IEFF,BOSQUE Y SELVA,VSa/SAP,SELVA ALTA PERENNIFOLIA,MALA,83.0,1.0,1494.553893000000,27.832983195000,1.862293713400,1.545703782100,72.873371098000,54.448045318000,86.724022659000,68.256487244000,77.490254952000
150,0.0,UMhust+RGsknhu+LPhu/3,UMBRISOL,St횄징gnico,D,PSCA,IEFF,BOSQUE Y SELVA,VSA/SMQ,SELVA MEDIANA SUBPERENNIFOLIA,REGULAR,79.0,1.0,1494.553893000000,0.028220035800,0.001888191200,0.001491671000,72.873371098000,54.448045318000,86.724022659000,68.256487244000,77.490254952000
151,0.0,UMhust+RGsknhu+LPhu/3,UMBRISOL,St횄징gnico,D,PSCA,IEFF,BOSQUE Y SELVA,VSA/SAP,SELVA ALTA PERENNIFOLIA,REGULAR,79.0,1.0,1494.553893000000,7.558568178700,0.505740757400,0.399535198300,72.873371098000,54.448045318000,86.724022659000,68.256487244000,77.490254952000
152,0.0,UMhust+RGsknhu+LPhu/3,UMBRISOL,St횄징gnico,D,MPCC,IEFF,BOSQUE Y SELVA,BM,BOSQUE MES횄혫FILO DE MONTA횄혩A,BUENA,70.0,1.0,1494.553893000000,0.573901199400,0.038399498400,0.026879648900,72.873371098000,54.448045318000,86.724022659000,68.256487244000,77.490254952000
153,0.0,UMhust+RGsknhu+LPhu/3,UMBRISOL,St횄징gnico,D,IAPF,TP,TIERRA CULTIVADA,IAPF,NO APLICABLE,BUENA,89.0,1.0,1494.553893000000,0.031611219400,0.002115093900,0.001882433600,72.873371098000,54.448045318000,86.724022659000,68.256487244000,77.490254952000
154,0.0,UMhust+RGsknhu+LPhu/3,UMBRISOL,St횄징gnico,D,IAPF,TP,TIERRA CULTIVADA,IAPF,NO APLICABLE,BUENA,89.0,1.0,1494.553893000000,0.920619573900,0.061598285400,0.054822474000,72.873371098000,54.448045318000,86.724022659000,68.256487244000,77.490254952000
155,0.0,UMhust+RGsknhu+LPhu/3,UMBRISOL,St횄징gnico,D,IAPF,TP,TIERRA CULTIVADA,IAPF,NO APLICABLE,BUENA,89.0,1.0,1494.553893000000,10.515232990000,0.703570011000,0.626177309800,72.873371098000,54.448045318000,86.724022659000,68.256487244000,77.490254952000
156,0.0,UMhust+RGsknhu+LPhu/3,UMBRISOL,St횄징gnico,D,IAPF,TP,TIERRA CULTIVADA,IAPF,NO APLICABLE,BUENA,89.0,1.0,1494.553893000000,5.071089067300,0.339304530300,0.301981031900,72.873371098000,54.448045318000,86.724022659000,68.256487244000,77.490254952000
157,0.0,UMhust+RGsknhu+LPhu/3,UMBRISOL,St횄징gnico,D,IAPF,TP,TIERRA CULTIVADA,IAPF,NO APLICABLE,BUENA,89.0,1.0,1494.553893000000,8.251759091700,0.552121882600,0.491388475500,72.873371098000,54.448045318000,86.724022659000,68.256487244000,77.490254952000
158,0.0,UMhust+RGsknhu+LPhu/3,UMBRISOL,St횄징gnico,D,IAPF,TP,TIERRA CULTIVADA,IAPF,NO APLICABLE,BUENA,89.0,1.0,1494.553893000000,3.733045716700,0.249776587700,0.222301163100,72.873371098000,54.448045318000,86.724022659000,68.256487244000,77.490254952000
159,0.0,UMhust+RGsknhu+LPhu/3,UMBRISOL,St횄징gnico,D,IAPF,TP,TIERRA CULTIVADA,IAPF,NO APLICABLE,BUENA,89.0,1.0,1494.553893000000,22.409815035000,1.499431712600,1.334494224200,72.873371098000,54.448045318000,86.724022659000,68.256487244000,77.490254952000
160,0.0,UMhust+RGsknhu+LPhu/3,UMBRISOL,St횄징gnico,D,IAPF,TAS,TIERRA CULTIVADA,IAPF,NO APLICABLE,MALA,91.0,1.0,1494.553893000000,7.842164204500,0.524716053400,0.477491608600,72.873371098000,54.448045318000,86.724022659000,68.256487244000,77.490254952000
161,0.0,UMhust+RGsknhu+LPhu/3,UMBRISOL,St횄징gnico,D,IAPF,TAS,TIERRA CULTIVADA,IAPF,NO APLICABLE,MALA,91.0,1.0,1494.553893000000,8.875088639800,0.593828612000,0.540384036900,72.873371098000,54.448045318000,86.724022659000,68.256487244000,77.490254952000
162,0.0,UMhust+RGsknhu+LPhu/3,UMBRISOL,St횄징gnico,D,IAPF,TAS,TIERRA CULTIVADA,IAPF,NO APLICABLE,MALA,91.0,1.0,1494.553893000000,6.602304696200,0.441757552300,0.401999372600,72.873371098000,54.448045318000,86.724022659000,68.256487244000,77.490254952000
163,0.0,UMhust+RGsknhu+LPhu/3,UMBRISOL,St횄징gnico,D,IAPF,TAS,TIERRA CULTIVADA,IAPF,NO APLICABLE,MALA,91.0,1.0,1494.553893000000,4.004040614700,0.267908747400,0.243796960100,72.873371098000,54.448045318000,86.724022659000,68.256487244000,77.490254952000
164,0.0,UMhust+RGsknhu+LPhu/3,UMBRISOL,St횄징gnico,D,IAPF,TA,TIERRA CULTIVADA,IAPF,NO APLICABLE,MALA,91.0,1.0,1494.553893000000,0.106658951100,0.007136507500,0.006494221800,72.873371098000,54.448045318000,86.724022659000,68.256487244000,77.490254952000
165,0.0,UMhust+RGsknhu+LPhu/3,UMBRISOL,St횄징gnico,D,IAPF,TA,TIERRA CULTIVADA,IAPF,NO APLICABLE,MALA,91.0,1.0,1494.553893000000,1.403603406700,0.093914539500,0.085462230900,72.873371098000,54.448045318000,86.724022659000,68.256487244000,77.490254952000
166,0.0,UMhust+RGsknhu+LPhu/3,UMBRISOL,St횄징gnico,D,IAPF,TA,TIERRA CULTIVADA,IAPF,NO APLICABLE,MALA,91.0,1.0,1494.553893000000,0.570158377100,0.038149067700,0.034715651600,72.873371098000,54.448045318000,86.724022659000,68.256487244000,77.490254952000
167,0.0,UMhust+RGsknhu+LPhu/3,UMBRISOL,St횄징gnico,D,IAPF,PC,PASTIZALES FORRAJE CONTINUO PARA PASTOREO,IAPF,NO APLICABLE,BUENA,80.0,1.0,1494.553893000000,8.442461230400,0.564881686000,0.451905348800,72.873371098000,54.448045318000,86.724022659000,68.256487244000,77.490254952000
168,0.0,UMhust+RGsknhu+LPhu/3,UMBRISOL,St횄징gnico,D,IAPF,PC,PASTIZALES FORRAJE CONTINUO PARA PASTOREO,IAPF,NO APLICABLE,BUENA,80.0,1.0,1494.553893000000,0.008487952100,0.000567925400,0.000454340300,72.873371098000,54.448045318000,86.724022659000,68.256487244000,77.490254952000
169,0.0,UMhust+RGsknhu+LPhu/3,UMBRISOL,St횄징gnico,D,IAPF,PC,PASTIZALES FORRAJE CONTINUO PARA PASTOREO,IAPF,NO APLICABLE,BUENA,80.0,1.0,1494.553893000000,0.036718603500,0.002456826900,0.001965461500,72.873371098000,54.448045318000,86.724022659000,68.256487244000,77.490254952000
170,0.0,UMhust+RGsknhu+LPhu/3,UMBRISOL,St횄징gnico,D,IAPF,PC,PASTIZALES FORRAJE CONTINUO PARA PASTOREO,IAPF,NO APLICABLE,BUENA,80.0,1.0,1494.553893000000,11.646875471000,0.779287754400,0.623430203500,72.873371098000,54.448045318000,86.724022659000,68.256487244000,77.490254952000
171,0.0,UMhust+RGsknhu+LPhu/3,UMBRISOL,St횄징gnico,D,IAPF,TP,TIERRA CULTIVADA,IAPF,NO APLICABLE,BUENA,89.0,1.0,1494.553893000000,1.293630015300,0.086556264100,0.077035075000,72.873371098000,54.448045318000,86.724022659000,68.256487244000,77.490254952000
172,0.0,UMhust+RGsknhu+LPhu/3,UMBRISOL,St횄징gnico,D,IAPF,TP,TIERRA CULTIVADA,IAPF,NO APLICABLE,BUENA,89.0,1.0,1494.553893000000,1.465011249000,0.098023313500,0.087240749000,72.873371098000,54.448045318000,86.724022659000,68.256487244000,77.490254952000
173,0.0,UMhust+RGsknhu+LPhu/3,UMBRISOL,St횄징gnico,D,IAPF,TP,TIERRA CULTIVADA,IAPF,NO APLICABLE,BUENA,89.0,1.0,1494.553893000000,2.404279335900,0.160869363500,0.143173733500,72.873371098000,54.448045318000,86.724022659000,68.256487244000,77.490254952000
174,0.0,LPli+LVlep+ACha/2,LEPTOSOL,L횄짯tico,A,MSSC,IEFF,BOSQUE Y SELVA,VSa/BM,BOSQUE MES횄혫FILO DE MONTA횄혩A,MALA,45.0,1.0,1494.553893000000,1.117414339100,0.074765744000,0.033644584800,72.873371098000,54.448045318000,86.724022659000,68.256487244000,77.490254952000
175,0.0,LPli+LVlep+ACha/2,LEPTOSOL,L횄짯tico,A,MPCC,IEFF,BOSQUE Y SELVA,BM,BOSQUE MES횄혫FILO DE MONTA횄혩A,BUENA,30.0,1.0,1494.553893000000,6.560947619800,0.438990366900,0.131697110000,72.873371098000,54.448045318000,86.724022659000,68.256487244000,77.490254952000
176,0.0,LPli+LVlep+ACha/2,LEPTOSOL,L횄짯tico,A,MPCC,IEFF,BOSQUE Y SELVA,BM,BOSQUE MES횄혫FILO DE MONTA횄혩A,BUENA,30.0,1.0,1494.553893000000,0.044243457000,0.002960311900,0.000888093500,72.873371098000,54.448045318000,86.724022659000,68.256487244000,77.490254952000
177,0.0,LPli+LVlep+ACha/2,LEPTOSOL,L횄짯tico,A,MPCC,IEFF,BOSQUE Y SELVA,BM,BOSQUE MES횄혫FILO DE MONTA횄혩A,BUENA,30.0,1.0,1494.553893000000,0.089906248500,0.006015590900,0.001804677200,72.873371098000,54.448045318000,86.724022659000,68.256487244000,77.490254952000
178,0.0,LPli+LVlep+ACha/2,LEPTOSOL,L횄짯tico,A,MPCC,IEFF,BOSQUE Y SELVA,BM,BOSQUE MES횄혫FILO DE MONTA횄혩A,BUENA,30.0,1.0,1494.553893000000,0.169755379800,0.011358264200,0.003407479200,72.873371098000,54.448045318000,86.724022659000,68.256487244000,77.490254952000
179,0.0,LPli+LVlep+ACha/2,LEPTOSOL,L횄짯tico,A,IAPF,TA,TIERRA CULTIVADA,IAPF,NO APLICABLE,MALA,71.0,1.0,1494.553893000000,0.015556781700,0.001040898000,0.000739037500,72.873371098000,54.448045318000,86.724022659000,68.256487244000,77.490254952000
180,0.0,LPli+LVlep+ACha/2,LEPTOSOL,L횄짯tico,A,IAPF,PC,PASTIZALES FORRAJE CONTINUO PARA PASTOREO,IAPF,NO APLICABLE,BUENA,39.0,1.0,1494.553893000000,8.141293998200,0.544730707600,0.212444975900,72.873371098000,54.448045318000,86.724022659000,68.256487244000,77.490254952000
181,0.0,LPli+LVlep+ACha/2,LEPTOSOL,L횄짯tico,A,IAPF,PC,PASTIZALES FORRAJE CONTINUO PARA PASTOREO,IAPF,NO APLICABLE,BUENA,39.0,1.0,1494.553893000000,1.698491622500,0.113645391400,0.044321702600,72.873371098000,54.448045318000,86.724022659000,68.256487244000,77.490254952000
182,0.0,UMlep+LVcr+LPli/3,UMBRISOL,Epil횄짤ptico,D,MPCC,IEFF,BOSQUE Y SELVA,BM,BOSQUE MES횄혫FILO DE MONTA횄혩A,BUENA,70.0,1.0,1494.553893000000,2.541102609600,0.170024153700,0.119016907600,72.873371098000,54.448045318000,86.724022659000,68.256487244000,77.490254952000
183,0.0,UMlep+LVcr+LPli/3,UMBRISOL,Epil횄짤ptico,D,MPCC,IEFF,BOSQUE Y SELVA,BM,BOSQUE MES횄혫FILO DE MONTA횄혩A,BUENA,70.0,1.0,1494.553893000000,0.110625162300,0.007401885100,0.005181319500,72.873371098000,54.448045318000,86.724022659000,68.256487244000,77.490254952000
184,0.0,UMlep+LVcr+LPli/3,UMBRISOL,Epil횄짤ptico,D,MPCC,IEFF,BOSQUE Y SELVA,BM,BOSQUE MES횄혫FILO DE MONTA횄혩A,BUENA,70.0,1.0,1494.553893000000,2.625686229000,0.175683609700,0.122978526800,72.873371098000,54.448045318000,86.724022659000,68.256487244000,77.490254952000
185,0.0,UMlep+LVcr+LPli/3,UMBRISOL,Epil횄짤ptico,D,IAPF,TA,TIERRA CULTIVADA,IAPF,NO APLICABLE,MALA,91.0,1.0,1494.553893000000,6.057184150100,0.405283755700,0.368808217700,72.873371098000,54.448045318000,86.724022659000,68.256487244000,77.490254952000
186,0.0,UMlep+LVcr+LPli/3,UMBRISOL,Epil횄짤ptico,D,IAPF,PC,PASTIZALES FORRAJE CONTINUO PARA PASTOREO,IAPF,NO APLICABLE,BUENA,80.0,1.0,1494.553893000000,0.110099634500,0.007366722200,0.005893377800,72.873371098000,54.448045318000,86.724022659000,68.256487244000,77.490254952000
187,0.0,LVhu+RGsknhu+LPhuli/3,LUVISOL,H횄쨘mico,D,PSSC,IEFF,BOSQUE Y SELVA,VSa/SAP,SELVA ALTA PERENNIFOLIA,MALA,83.0,1.0,1494.553893000000,13.152976974000,0.880060400200,0.730450132200,72.873371098000,54.448045318000,86.724022659000,68.256487244000,77.490254952000
188,0.0,LVhu+RGsknhu+LPhuli/3,LUVISOL,H횄쨘mico,D,PSSC,IEFF,BOSQUE Y SELVA,VSa/SAP,SELVA ALTA PERENNIFOLIA,MALA,83.0,1.0,1494.553893000000,40.895126366000,2.736276460500,2.271109462200,72.873371098000,54.448045318000,86.724022659000,68.256487244000,77.490254952000
189,0.0,LVhu+RGsknhu+LPhuli/3,LUVISOL,H횄쨘mico,D,IAPF,TP,TIERRA CULTIVADA,IAPF,NO APLICABLE,BUENA,89.0,1.0,1494.553893000000,4.172376256500,0.279172017500,0.248463095600,72.873371098000,54.448045318000,86.724022659000,68.256487244000,77.490254952000
190,0.0,LVhu+RGsknhu+LPhuli/3,LUVISOL,H횄쨘mico,D,IAPF,TAS,TIERRA CULTIVADA,IAPF,NO APLICABLE,MALA,91.0,1.0,1494.553893000000,30.287680899000,2.026536549700,1.844148260300,72.873371098000,54.448045318000,86.724022659000,68.256487244000,77.490254952000
191,0.0,LVhu+RGsknhu+LPhuli/3,LUVISOL,H횄쨘mico,D,IAPF,TAP,TIERRA CULTIVADA,IAPF,NO APLICABLE,MALA,91.0,1.0,1494.553893000000,24.869934669000,1.664037328100,1.514273968500,72.873371098000,54.448045318000,86.724022659000,68.256487244000,77.490254952000
192,0.0,LVhu+RGsknhu+LPhuli/3,LUVISOL,H횄쨘mico,D,IAPF,TA,TIERRA CULTIVADA,IAPF,NO APLICABLE,MALA,91.0,1.0,1494.553893000000,3.326087236300,0.222547159500,0.202517915100,72.873371098000,54.448045318000,86.724022659000,68.256487244000,77.490254952000
193,0.0,LVhu+RGsknhu+LPhuli/3,LUVISOL,H횄쨘mico,D,IAPF,TA,TIERRA CULTIVADA,IAPF,NO APLICABLE,MALA,91.0,1.0,1494.553893000000,1.528893960200,0.102297680000,0.093090888800,72.873371098000,54.448045318000,86.724022659000,68.256487244000,77.490254952000
194,0.0,LVhu+RGsknhu+LPhuli/3,LUVISOL,H횄쨘mico,D,IAPF,PC,PASTIZALES FORRAJE CONTINUO PARA PASTOREO,IAPF,NO APLICABLE,BUENA,80.0,1.0,1494.553893000000,2.444306417400,0.163547559400,0.130838047500,72.873371098000,54.448045318000,86.724022659000,68.256487244000,77.490254952000
195,0.0,LVhu+RGsknhu+LPhuli/3,LUVISOL,H횄쨘mico,D,IAPF,PC,PASTIZALES FORRAJE CONTINUO PARA PASTOREO,IAPF,NO APLICABLE,BUENA,80.0,1.0,1494.553893000000,0.005618030000,0.000375900100,0.000300720100,72.873371098000,54.448045318000,86.724022659000,68.256487244000,77.490254952000
196,0.0,LVhu+RGsknhu+LPhuli/3,LUVISOL,H횄쨘mico,D,IAPF,PC,PASTIZALES FORRAJE CONTINUO PARA PASTOREO,IAPF,NO APLICABLE,BUENA,80.0,1.0,1494.553893000000,1.681730491900,0.112523910900,0.090019128700,72.873371098000,54.448045318000,86.724022659000,68.256487244000,77.490254952000
197,0.0,CMcrlen+RGdy/2,CAMBISOL,Endol횄짤ptico,B,PSSC,IEFF,BOSQUE Y SELVA,VSa/SAP,SELVA ALTA PERENNIFOLIA,MALA,66.0,1.0,1494.553893000000,0.287091324200,0.019209165000,0.012678048900,72.873371098000,54.448045318000,86.724022659000,68.256487244000,77.490254952000
198,0.0,CMcrlen+RGdy/2,CAMBISOL,Endol횄짤ptico,B,PSCA,IEFF,BOSQUE Y SELVA,VSA/SAP,SELVA ALTA PERENNIFOLIA,REGULAR,60.0,1.0,1494.553893000000,4.357004682800,0.291525431300,0.174915258700,72.873371098000,54.448045318000,86.724022659000,68.256487244000,77.490254952000
199,0.0,CMcrlen+RGdy/2,CAMBISOL,Endol횄짤ptico,B,IAPF,TP,TIERRA CULTIVADA,IAPF,NO APLICABLE,BUENA,78.0,1.0,1494.553893000000,5.843630039000,0.390994936000,0.304976050100,72.873371098000,54.448045318000,86.724022659000,68.256487244000,77.490254952000
200,0.0,CMcrlen+RGdy/2,CAMBISOL,Endol횄짤ptico,B,IAPF,PC,PASTIZALES FORRAJE CONTINUO PARA PASTOREO,IAPF,NO APLICABLE,BUENA,61.0,1.0,1494.553893000000,7.778824792200,0.520478038800,0.317491603600,72.873371098000,54.448045318000,86.724022659000,68.256487244000,77.490254952000
201,0.0,CMcrlen+RGdy/2,CAMBISOL,Endol횄짤ptico,B,IAPF,PC,PASTIZALES FORRAJE CONTINUO PARA PASTOREO,IAPF,NO APLICABLE,BUENA,61.0,1.0,1494.553893000000,5.140272477200,0.343933564400,0.209799474300,72.873371098000,54.448045318000,86.724022659000,68.256487244000,77.490254952000
202,0.0,RGdylen+CMdyhlen/2,REGOSOL,Endol횄짤ptico,A,PSSC,IEFF,BOSQUE Y SELVA,VSa/SAP,SELVA ALTA PERENNIFOLIA,MALA,45.0,1.0,1494.553893000000,0.008566393700,0.000573173900,0.000257928200,72.873371098000,54.448045318000,86.724022659000,68.256487244000,77.490254952000
203,0.0,RGdylen+CMdyhlen/2,REGOSOL,Endol횄짤ptico,A,PSSC,IEFF,BOSQUE Y SELVA,VSa/SAP,SELVA ALTA PERENNIFOLIA,MALA,45.0,1.0,1494.553893000000,22.688270509000,1.518063056400,0.683128375300,72.873371098000,54.448045318000,86.724022659000,68.256487244000,77.490254952000
204,0.0,RGdylen+CMdyhlen/2,REGOSOL,Endol횄짤ptico,A,PSCA,IEFF,BOSQUE Y SELVA,VSA/SAP,SELVA ALTA PERENNIFOLIA,REGULAR,36.0,1.0,1494.553893000000,5.723856074200,0.382980908200,0.137873126900,72.873371098000,54.448045318000,86.724022659000,68.256487244000,77.490254952000
205,0.0,RGdylen+CMdyhlen/2,REGOSOL,Endol횄짤ptico,A,MSSC,IEFF,BOSQUE Y SELVA,VSa/BM,BOSQUE MES횄혫FILO DE MONTA횄혩A,MALA,45.0,1.0,1494.553893000000,7.090271134000,0.474407190400,0.213483235700,72.873371098000,54.448045318000,86.724022659000,68.256487244000,77.490254952000
206,0.0,RGdylen+CMdyhlen/2,REGOSOL,Endol횄짤ptico,A,MSSC,IEFF,BOSQUE Y SELVA,VSa/BM,BOSQUE MES횄혫FILO DE MONTA횄혩A,MALA,45.0,1.0,1494.553893000000,3.472092539300,0.232316315600,0.104542342000,72.873371098000,54.448045318000,86.724022659000,68.256487244000,77.490254952000
207,0.0,RGdylen+CMdyhlen/2,REGOSOL,Endol횄짤ptico,A,MSSC,IEFF,BOSQUE Y SELVA,VSa/BM,BOSQUE MES횄혫FILO DE MONTA횄혩A,MALA,45.0,1.0,1494.553893000000,1.689533051000,0.113045977000,0.050870689600,72.873371098000,54.448045318000,86.724022659000,68.256487244000,77.490254952000
208,0.0,RGdylen+CMdyhlen/2,REGOSOL,Endol횄짤ptico,A,MSSC,IEFF,BOSQUE Y SELVA,VSa/BM,BOSQUE MES횄혫FILO DE MONTA횄혩A,MALA,45.0,1.0,1494.553893000000,2.531823108800,0.169403266100,0.076231469700,72.873371098000,54.448045318000,86.724022659000,68.256487244000,77.490254952000
209,0.0,RGdylen+CMdyhlen/2,REGOSOL,Endol횄짤ptico,A,MSSC,IEFF,BOSQUE Y SELVA,VSa/BM,BOSQUE MES횄혫FILO DE MONTA횄혩A,MALA,45.0,1.0,1494.553893000000,2.023098273600,0.135364691900,0.060914111300,72.873371098000,54.448045318000,86.724022659000,68.256487244000,77.490254952000
210,0.0,RGdylen+CMdyhlen/2,REGOSOL,Endol횄짤ptico,A,MSCC,IEFF,BOSQUE Y SELVA,VSA/BM,BOSQUE MES횄혫FILO DE MONTA횄혩A,BUENA,30.0,1.0,1494.553893000000,1.303143269200,0.087192792100,0.026157837600,72.873371098000,54.448045318000,86.724022659000,68.256487244000,77.490254952000
211,0.0,RGdylen+CMdyhlen/2,REGOSOL,Endol횄짤ptico,A,MPCC,IEFF,BOSQUE Y SELVA,BM,BOSQUE MES횄혫FILO DE MONTA횄혩A,BUENA,30.0,1.0,1494.553893000000,0.290642313900,0.019446760300,0.005834028100,72.873371098000,54.448045318000,86.724022659000,68.256487244000,77.490254952000
212,0.0,RGdylen+CMdyhlen/2,REGOSOL,Endol횄짤ptico,A,MPCC,IEFF,BOSQUE Y SELVA,BM,BOSQUE MES횄혫FILO DE MONTA횄혩A,BUENA,30.0,1.0,1494.553893000000,8.454465184300,0.565684865700,0.169705459700,72.873371098000,54.448045318000,86.724022659000,68.256487244000,77.490254952000
213,0.0,RGdylen+CMdyhlen/2,REGOSOL,Endol횄짤ptico,A,MPCC,IEFF,BOSQUE Y SELVA,BM,BOSQUE MES횄혫FILO DE MONTA횄혩A,BUENA,30.0,1.0,1494.553893000000,4.261354092200,0.285125488700,0.085537646600,72.873371098000,54.448045318000,86.724022659000,68.256487244000,77.490254952000
214,0.0,RGdylen+CMdyhlen/2,REGOSOL,Endol횄짤ptico,A,MPCC,IEFF,BOSQUE Y SELVA,BM,BOSQUE MES횄혫FILO DE MONTA횄혩A,BUENA,30.0,1.0,1494.553893000000,2.724401693800,0.182288621800,0.054686586500,72.873371098000,54.448045318000,86.724022659000,68.256487244000,77.490254952000
215,0.0,RGdylen+CMdyhlen/2,REGOSOL,Endol횄짤ptico,A,MPCC,IEFF,BOSQUE Y SELVA,BM,BOSQUE MES횄혫FILO DE MONTA횄혩A,BUENA,30.0,1.0,1494.553893000000,7.097073080000,0.474862305900,0.142458691700,72.873371098000,54.448045318000,86.724022659000,68.256487244000,77.490254952000
216,0.0,RGdylen+CMdyhlen/2,REGOSOL,Endol횄짤ptico,A,IAPF,TP,TIERRA CULTIVADA,IAPF,NO APLICABLE,BUENA,67.0,1.0,1494.553893000000,27.022020690000,1.808032538300,1.211381800700,72.873371098000,54.448045318000,86.724022659000,68.256487244000,77.490254952000
217,0.0,RGdylen+CMdyhlen/2,REGOSOL,Endol횄짤ptico,A,IAPF,TP,TIERRA CULTIVADA,IAPF,NO APLICABLE,BUENA,67.0,1.0,1494.553893000000,3.683155757500,0.246438470600,0.165113775300,72.873371098000,54.448045318000,86.724022659000,68.256487244000,77.490254952000
218,0.0,RGdylen+CMdyhlen/2,REGOSOL,Endol횄짤ptico,A,IAPF,TA,TIERRA CULTIVADA,IAPF,NO APLICABLE,MALA,71.0,1.0,1494.553893000000,6.323279210600,0.423088069200,0.300392529100,72.873371098000,54.448045318000,86.724022659000,68.256487244000,77.490254952000
219,0.0,RGdylen+CMdyhlen/2,REGOSOL,Endol횄짤ptico,A,IAPF,TA,TIERRA CULTIVADA,IAPF,NO APLICABLE,MALA,71.0,1.0,1494.553893000000,1.879771553900,0.125774758700,0.089300078700,72.873371098000,54.448045318000,86.724022659000,68.256487244000,77.490254952000
220,0.0,RGdylen+CMdyhlen/2,REGOSOL,Endol횄짤ptico,A,IAPF,TA,TIERRA CULTIVADA,IAPF,NO APLICABLE,MALA,71.0,1.0,1494.553893000000,3.340665746000,0.223522601700,0.158701047200,72.873371098000,54.448045318000,86.724022659000,68.256487244000,77.490254952000
221,0.0,RGdylen+CMdyhlen/2,REGOSOL,Endol횄짤ptico,A,IAPF,PC,PASTIZALES FORRAJE CONTINUO PARA PASTOREO,IAPF,NO APLICABLE,BUENA,39.0,1.0,1494.553893000000,1.547902042400,0.103569503200,0.040392106200,72.873371098000,54.448045318000,86.724022659000,68.256487244000,77.490254952000
222,0.0,RGdylen+CMdyhlen/2,REGOSOL,Endol횄짤ptico,A,IAPF,PC,PASTIZALES FORRAJE CONTINUO PARA PASTOREO,IAPF,NO APLICABLE,BUENA,39.0,1.0,1494.553893000000,1.223278168900,0.081849050300,0.031921129600,72.873371098000,54.448045318000,86.724022659000,68.256487244000,77.490254952000
223,0.0,RGdylen+CMdyhlen/2,REGOSOL,Endol횄짤ptico,A,IAPF,PC,PASTIZALES FORRAJE CONTINUO PARA PASTOREO,IAPF,NO APLICABLE,BUENA,39.0,1.0,1494.553893000000,1.892819729700,0.126647806900,0.049392644700,72.873371098000,54.448045318000,86.724022659000,68.256487244000,77.490254952000
224,0.0,RGdylen+CMdyhlen/2,REGOSOL,Endol횄짤ptico,A,IAPF,PC,PASTIZALES FORRAJE CONTINUO PARA PASTOREO,IAPF,NO APLICABLE,BUENA,39.0,1.0,1494.553893000000,1.110669812700,0.074314470500,0.028982643500,72.873371098000,54.448045318000,86.724022659000,68.256487244000,77.490254952000
225,0.0,RGdylen+CMdyhlen/2,REGOSOL,Endol횄짤ptico,A,IAPF,PC,PASTIZALES FORRAJE CONTINUO PARA PASTOREO,IAPF,NO APLICABLE,BUENA,39.0,1.0,1494.553893000000,1.489056299800,0.099632158200,0.038856541700,72.873371098000,54.448045318000,86.724022659000,68.256487244000,77.490254952000
226,0.0,RGdylen+CMdyhlen/2,REGOSOL,Endol횄짤ptico,A,IAPF,TP,TIERRA CULTIVADA,IAPF,NO APLICABLE,BUENA,67.0,1.0,1494.553893000000,3.619515459900,0.242180323900,0.162260817000,72.873371098000,54.448045318000,86.724022659000,68.256487244000,77.490254952000
227,0.0,RGdylen+CMdyhlen/2,REGOSOL,Endol횄짤ptico,A,IAPF,TAP,TIERRA CULTIVADA,IAPF,NO APLICABLE,MALA,71.0,1.0,1494.553893000000,6.115351981600,0.409175742000,0.290514776800,72.873371098000,54.448045318000,86.724022659000,68.256487244000,77.490254952000
228,0.0,RGdylen+CMdyhlen/2,REGOSOL,Endol횄짤ptico,A,IAPF,PC,PASTIZALES FORRAJE CONTINUO PARA PASTOREO,IAPF,NO APLICABLE,BUENA,39.0,1.0,1494.553893000000,0.221571531900,0.014825262100,0.005781852200,72.873371098000,54.448045318000,86.724022659000,68.256487244000,77.490254952000
229,0.0,RGdylen+CMdyhlen/2,REGOSOL,Endol횄짤ptico,A,IAPF,TA,TIERRA CULTIVADA,IAPF,NO APLICABLE,MALA,71.0,1.0,1494.553893000000,0.329685989900,0.022059157000,0.015662001400,72.873371098000,54.448045318000,86.724022659000,68.256487244000,77.490254952000
230,0.0,RGdylen+CMdyhlen/2,REGOSOL,Endol횄짤ptico,A,IAPF,PC,PASTIZALES FORRAJE CONTINUO PARA PASTOREO,IAPF,NO APLICABLE,BUENA,39.0,1.0,1494.553893000000,0.429571274400,0.028742441200,0.011209552000,72.873371098000,54.448045318000,86.724022659000,68.256487244000,77.490254952000
231,0.0,RGdylen+CMdyhlen/2,REGOSOL,Endol횄짤ptico,A,IAPF,TA,TIERRA CULTIVADA,IAPF,NO APLICABLE,MALA,71.0,1.0,1494.553893000000,0.365688732600,0.024468086000,0.017372341000,72.873371098000,54.448045318000,86.724022659000,68.256487244000,77.490254952000
232,0.0,RGdylen+CMdyhlen/2,REGOSOL,Endol횄짤ptico,A,BPCC,IEFF,BOSQUE Y SELVA,BP,BOSQUE DE PINO,BUENA,30.0,1.0,1494.553893000000,1.703627876700,0.113989056100,0.034196716800,72.873371098000,54.448045318000,86.724022659000,68.256487244000,77.490254952000
233,0.0,RGdylen+CMdylen+LPli/2,REGOSOL,Endol횄짤ptico,A,VICN,IEFF,PASTIZALES FORRAJE CONTINUO PARA PASTOREO,PI,PASTIZAL INDUCIDO,MALA,68.0,1.0,1494.553893000000,1.868879428900,0.125045971000,0.085031260300,72.873371098000,54.448045318000,86.724022659000,68.256487244000,77.490254952000
234,0.0,RGdylen+CMdylen+LPli/2,REGOSOL,Endol횄짤ptico,A,MSSC,IEFF,BOSQUE Y SELVA,VSa/BM,BOSQUE MES횄혫FILO DE MONTA횄혩A,MALA,45.0,1.0,1494.553893000000,2.873031679400,0.192233394300,0.086505027400,72.873371098000,54.448045318000,86.724022659000,68.256487244000,77.490254952000
235,0.0,RGdylen+CMdylen+LPli/2,REGOSOL,Endol횄짤ptico,A,MSSC,IEFF,BOSQUE Y SELVA,VSa/BM,BOSQUE MES횄혫FILO DE MONTA횄혩A,MALA,45.0,1.0,1494.553893000000,16.789592819000,1.123384904100,0.505523206800,72.873371098000,54.448045318000,86.724022659000,68.256487244000,77.490254952000
236,0.0,RGdylen+CMdylen+LPli/2,REGOSOL,Endol횄짤ptico,A,MSSC,IEFF,BOSQUE Y SELVA,VSa/BM,BOSQUE MES횄혫FILO DE MONTA횄혩A,MALA,45.0,1.0,1494.553893000000,4.706988979900,0.314942739800,0.141724232900,72.873371098000,54.448045318000,86.724022659000,68.256487244000,77.490254952000
237,0.0,RGdylen+CMdylen+LPli/2,REGOSOL,Endol횄짤ptico,A,MSSC,IEFF,BOSQUE Y SELVA,VSa/BM,BOSQUE MES횄혫FILO DE MONTA횄혩A,MALA,45.0,1.0,1494.553893000000,3.591669544100,0.240317164900,0.108142724200,72.873371098000,54.448045318000,86.724022659000,68.256487244000,77.490254952000
238,0.0,RGdylen+CMdylen+LPli/2,REGOSOL,Endol횄짤ptico,A,MSSC,IEFF,BOSQUE Y SELVA,VSa/BM,BOSQUE MES횄혫FILO DE MONTA횄혩A,MALA,45.0,1.0,1494.553893000000,1.960372273400,0.131167720500,0.059025474200,72.873371098000,54.448045318000,86.724022659000,68.256487244000,77.490254952000
239,0.0,RGdylen+CMdylen+LPli/2,REGOSOL,Endol횄짤ptico,A,MSSC,IEFF,BOSQUE Y SELVA,VSa/BM,BOSQUE MES횄혫FILO DE MONTA횄혩A,MALA,45.0,1.0,1494.553893000000,0.014902489500,0.000997119500,0.000448703800,72.873371098000,54.448045318000,86.724022659000,68.256487244000,77.490254952000
240,0.0,RGdylen+CMdylen+LPli/2,REGOSOL,Endol횄짤ptico,A,MSCC,IEFF,BOSQUE Y SELVA,VSA/BM,BOSQUE MES횄혫FILO DE MONTA횄혩A,BUENA,30.0,1.0,1494.553893000000,2.673286624700,0.178868533000,0.053660559900,72.873371098000,54.448045318000,86.724022659000,68.256487244000,77.490254952000
241,0.0,RGdylen+CMdylen+LPli/2,REGOSOL,Endol횄짤ptico,A,MPCC,IEFF,BOSQUE Y SELVA,BM,BOSQUE MES횄혫FILO DE MONTA횄혩A,BUENA,30.0,1.0,1494.553893000000,12.622361752000,0.844557149100,0.253367144700,72.873371098000,54.448045318000,86.724022659000,68.256487244000,77.490254952000
242,0.0,RGdylen+CMdylen+LPli/2,REGOSOL,Endol횄짤ptico,A,MPCC,IEFF,BOSQUE Y SELVA,BM,BOSQUE MES횄혫FILO DE MONTA횄혩A,BUENA,30.0,1.0,1494.553893000000,5.101153320300,0.341316117300,0.102394835200,72.873371098000,54.448045318000,86.724022659000,68.256487244000,77.490254952000
243,0.0,RGdylen+CMdylen+LPli/2,REGOSOL,Endol횄짤ptico,A,MPCC,IEFF,BOSQUE Y SELVA,BM,BOSQUE MES횄혫FILO DE MONTA횄혩A,BUENA,30.0,1.0,1494.553893000000,1.452524437900,0.097187826000,0.029156347800,72.873371098000,54.448045318000,86.724022659000,68.256487244000,77.490254952000
244,0.0,RGdylen+CMdylen+LPli/2,REGOSOL,Endol횄짤ptico,A,MPCC,IEFF,BOSQUE Y SELVA,BM,BOSQUE MES횄혫FILO DE MONTA횄혩A,BUENA,30.0,1.0,1494.553893000000,1.527116643300,0.102178760500,0.030653628100,72.873371098000,54.448045318000,86.724022659000,68.256487244000,77.490254952000
245,0.0,RGdylen+CMdylen+LPli/2,REGOSOL,Endol횄짤ptico,A,MPCA,IEFF,BOSQUE Y SELVA,BM,BOSQUE MES횄혫FILO DE MONTA횄혩A,REGULAR,36.0,1.0,1494.553893000000,2.819157908200,0.188628722000,0.067906339900,72.873371098000,54.448045318000,86.724022659000,68.256487244000,77.490254952000
246,0.0,RGdylen+CMdylen+LPli/2,REGOSOL,Endol횄짤ptico,A,IAPF,TP,TIERRA CULTIVADA,IAPF,NO APLICABLE,BUENA,67.0,1.0,1494.553893000000,2.208902988700,0.147796810700,0.099023863100,72.873371098000,54.448045318000,86.724022659000,68.256487244000,77.490254952000
247,0.0,RGdylen+CMdylen+LPli/2,REGOSOL,Endol횄짤ptico,A,IAPF,TP,TIERRA CULTIVADA,IAPF,NO APLICABLE,BUENA,67.0,1.0,1494.553893000000,1.520852007500,0.101759596200,0.068178929400,72.873371098000,54.448045318000,86.724022659000,68.256487244000,77.490254952000
248,0.0,RGdylen+CMdylen+LPli/2,REGOSOL,Endol횄짤ptico,A,IAPF,TA,TIERRA CULTIVADA,IAPF,NO APLICABLE,MALA,71.0,1.0,1494.553893000000,10.207332897000,0.682968539600,0.484907663100,72.873371098000,54.448045318000,86.724022659000,68.256487244000,77.490254952000
249,0.0,RGdylen+CMdylen+LPli/2,REGOSOL,Endol횄짤ptico,A,IAPF,TA,TIERRA CULTIVADA,IAPF,NO APLICABLE,MALA,71.0,1.0,1494.553893000000,23.877526187000,1.597635675500,1.134321329600,72.873371098000,54.448045318000,86.724022659000,68.256487244000,77.490254952000
250,0.0,RGdylen+CMdylen+LPli/2,REGOSOL,Endol횄짤ptico,A,IAPF,TA,TIERRA CULTIVADA,IAPF,NO APLICABLE,MALA,71.0,1.0,1494.553893000000,0.015590627400,0.001043162600,0.000740645400,72.873371098000,54.448045318000,86.724022659000,68.256487244000,77.490254952000
251,0.0,RGdylen+CMdylen+LPli/2,REGOSOL,Endol횄짤ptico,A,IAPF,PC,PASTIZALES FORRAJE CONTINUO PARA PASTOREO,IAPF,NO APLICABLE,BUENA,39.0,1.0,1494.553893000000,1.126569025300,0.075378280400,0.029397529300,72.873371098000,54.448045318000,86.724022659000,68.256487244000,77.490254952000
252,0.0,UMlep+RGdylep+LVcrdy/3,UMBRISOL,Epil횄짤ptico,D,PSSC,IEFF,BOSQUE Y SELVA,VSh/SAP,SELVA ALTA PERENNIFOLIA,MALA,83.0,1.0,1494.553893000000,8.295643487000,0.555058169800,0.460698281000,72.873371098000,54.448045318000,86.724022659000,68.256487244000,77.490254952000
253,0.0,UMlep+RGdylep+LVcrdy/3,UMBRISOL,Epil횄짤ptico,D,PSSC,IEFF,BOSQUE Y SELVA,VSa/SAP,SELVA ALTA PERENNIFOLIA,MALA,83.0,1.0,1494.553893000000,2.818966876200,0.188615940100,0.156551230300,72.873371098000,54.448045318000,86.724022659000,68.256487244000,77.490254952000
254,0.0,UMlep+RGdylep+LVcrdy/3,UMBRISOL,Epil횄짤ptico,D,PSSC,IEFF,BOSQUE Y SELVA,VSa/SAP,SELVA ALTA PERENNIFOLIA,MALA,83.0,1.0,1494.553893000000,1.334672071700,0.089302371600,0.074120968400,72.873371098000,54.448045318000,86.724022659000,68.256487244000,77.490254952000
255,0.0,UMlep+RGdylep+LVcrdy/3,UMBRISOL,Epil횄짤ptico,D,PSSC,IEFF,BOSQUE Y SELVA,VSa/SAP,SELVA ALTA PERENNIFOLIA,MALA,83.0,1.0,1494.553893000000,6.400112766800,0.428228971600,0.355430046400,72.873371098000,54.448045318000,86.724022659000,68.256487244000,77.490254952000
256,0.0,UMlep+RGdylep+LVcrdy/3,UMBRISOL,Epil횄짤ptico,D,MSSC,IEFF,BOSQUE Y SELVA,VSa/BM,BOSQUE MES횄혫FILO DE MONTA횄혩A,MALA,83.0,1.0,1494.553893000000,0.901965354000,0.060350139100,0.050090615400,72.873371098000,54.448045318000,86.724022659000,68.256487244000,77.490254952000
257,0.0,UMlep+RGdylep+LVcrdy/3,UMBRISOL,Epil횄짤ptico,D,MPCC,IEFF,BOSQUE Y SELVA,BM,BOSQUE MES횄혫FILO DE MONTA횄혩A,BUENA,70.0,1.0,1494.553893000000,11.789558245000,0.788834601400,0.552184221000,72.873371098000,54.448045318000,86.724022659000,68.256487244000,77.490254952000
258,0.0,UMlep+RGdylep+LVcrdy/3,UMBRISOL,Epil횄짤ptico,D,MPCC,IEFF,BOSQUE Y SELVA,BM,BOSQUE MES횄혫FILO DE MONTA횄혩A,BUENA,70.0,1.0,1494.553893000000,0.564546172600,0.037773557300,0.026441490100,72.873371098000,54.448045318000,86.724022659000,68.256487244000,77.490254952000
259,0.0,UMlep+RGdylep+LVcrdy/3,UMBRISOL,Epil횄짤ptico,D,IAPF,TP,TIERRA CULTIVADA,IAPF,NO APLICABLE,BUENA,89.0,1.0,1494.553893000000,5.499806904500,0.367989868400,0.327510982800,72.873371098000,54.448045318000,86.724022659000,68.256487244000,77.490254952000
260,0.0,UMlep+RGdylep+LVcrdy/3,UMBRISOL,Epil횄짤ptico,D,IAPF,PC,PASTIZALES FORRAJE CONTINUO PARA PASTOREO,IAPF,NO APLICABLE,BUENA,80.0,1.0,1494.553893000000,3.702977464600,0.247764733100,0.198211786400,72.873371098000,54.448045318000,86.724022659000,68.256487244000,77.490254952000
261,0.0,UMlep+RGdylep+LVcrdy/3,UMBRISOL,Epil횄짤ptico,D,IAPF,PC,PASTIZALES FORRAJE CONTINUO PARA PASTOREO,IAPF,NO APLICABLE,BUENA,80.0,1.0,1494.553893000000,0.011126034900,0.000744438500,0.000595550800,72.873371098000,54.448045318000,86.724022659000,68.256487244000,77.490254952000
262,0.0,UMlep+RGdylep+LVcrdy/3,UMBRISOL,Epil횄짤ptico,D,IAPF,TA,TIERRA CULTIVADA,IAPF,NO APLICABLE,MALA,91.0,1.0,1494.553893000000,2.426585439900,0.162361856000,0.147749288900,72.873371098000,54.448045318000,86.724022659000,68.256487244000,77.490254952000
263,0.0,UMlep+RGdylep+LVcrdy/3,UMBRISOL,Epil횄짤ptico,D,IAPF,TA,TIERRA CULTIVADA,IAPF,NO APLICABLE,MALA,91.0,1.0,1494.553893000000,0.003608537500,0.000241445800,0.000219715600,72.873371098000,54.448045318000,86.724022659000,68.256487244000,77.490254952000
264,0.0,UMlep+RGdylep+LVcrdy/3,UMBRISOL,Epil횄짤ptico,D,IAPF,PC,PASTIZALES FORRAJE CONTINUO PARA PASTOREO,IAPF,NO APLICABLE,BUENA,80.0,1.0,1494.553893000000,3.357105047300,0.224622548700,0.179698039000,72.873371098000,54.448045318000,86.724022659000,68.256487244000,77.490254952000
265,0.0,LVcrdy+CMcrdy/3,LUVISOL,D횄짯strico,D,MSSC,IEFF,BOSQUE Y SELVA,VSa/BM,BOSQUE MES횄혫FILO DE MONTA횄혩A,MALA,83.0,1.0,1494.553893000000,1.082261520200,0.072413683100,0.060103356900,72.873371098000,54.448045318000,86.724022659000,68.256487244000,77.490254952000
266,0.0,LVcrdy+CMcrdy/3,LUVISOL,D횄짯strico,D,MPCC,IEFF,BOSQUE Y SELVA,BM,BOSQUE MES횄혫FILO DE MONTA횄혩A,BUENA,70.0,1.0,1494.553893000000,11.002330406000,0.736161503200,0.515313052200,72.873371098000,54.448045318000,86.724022659000,68.256487244000,77.490254952000
267,0.0,LVcrdy+CMcrdy/3,LUVISOL,D횄짯strico,D,IAPF,TA,TIERRA CULTIVADA,IAPF,NO APLICABLE,MALA,91.0,1.0,1494.553893000000,1.480965249700,0.099090789300,0.090172618200,72.873371098000,54.448045318000,86.724022659000,68.256487244000,77.490254952000
268,0.0,LVcrdy+CMcrdy/3,LUVISOL,D횄짯strico,D,IAPF,TA,TIERRA CULTIVADA,IAPF,NO APLICABLE,MALA,91.0,1.0,1494.553893000000,1.860893995600,0.124511668900,0.113305618700,72.873371098000,54.448045318000,86.724022659000,68.256487244000,77.490254952000
269,0.0,LVcrdy+CMcrdy/3,LUVISOL,D횄짯strico,D,IAPF,PC,PASTIZALES FORRAJE CONTINUO PARA PASTOREO,IAPF,NO APLICABLE,BUENA,80.0,1.0,1494.553893000000,3.477746413500,0.232694614000,0.186155691200,72.873371098000,54.448045318000,86.724022659000,68.256487244000,77.490254952000
270,0.0,LVcrdy+CMcrdy/3,LUVISOL,D횄짯strico,D,IAPF,PC,PASTIZALES FORRAJE CONTINUO PARA PASTOREO,IAPF,NO APLICABLE,BUENA,80.0,1.0,1494.553893000000,3.540338593500,0.236882631600,0.189506105300,72.873371098000,54.448045318000,86.724022659000,68.256487244000,77.490254952000
271,0.0,LVcrdy+CMcrdy/3,LUVISOL,D횄짯strico,D,BPCC,IEFF,BOSQUE Y SELVA,BPQ,BOSQUE DE PINO-ENCINO,BUENA,70.0,1.0,1494.553893000000,1.472512520000,0.098525220500,0.068967654400,72.873371098000,54.448045318000,86.724022659000,68.256487244000,77.490254952000
272,0.0,LVcrdy+CMcrdy/3,LUVISOL,D횄짯strico,D,AH,AH,ESTACIONAMIENTOS CALLES Y CARRETERAS,AH,NO APLICABLE,MALA,98.0,1.0,1494.553893000000,0.422611847900,0.028276788800,0.027711253000,72.873371098000,54.448045318000,86.724022659000,68.256487244000,77.490254952000
273,0.0,UMdyhhu+CMhu+AChu/2,UMBRISOL,H횄쨘mico,B,PSCA,IEFF,BOSQUE Y SELVA,VSA/SAP,SELVA ALTA PERENNIFOLIA,REGULAR,60.0,1.0,1494.553893000000,1.725008808100,0.115419645600,0.069251787400,72.873371098000,54.448045318000,86.724022659000,68.256487244000,77.490254952000
274,0.0,UMdyhhu+CMhu+AChu/2,UMBRISOL,H횄쨘mico,B,MSSC,IEFF,BOSQUE Y SELVA,VSa/BM,BOSQUE MES횄혫FILO DE MONTA횄혩A,MALA,66.0,1.0,1494.553893000000,6.147802960400,0.411347023900,0.271489035800,72.873371098000,54.448045318000,86.724022659000,68.256487244000,77.490254952000
275,0.0,UMdyhhu+CMhu+AChu/2,UMBRISOL,H횄쨘mico,B,MSSC,IEFF,BOSQUE Y SELVA,VSa/BM,BOSQUE MES횄혫FILO DE MONTA횄혩A,MALA,66.0,1.0,1494.553893000000,1.150537109600,0.076981975300,0.050808103700,72.873371098000,54.448045318000,86.724022659000,68.256487244000,77.490254952000
276,0.0,UMdyhhu+CMhu+AChu/2,UMBRISOL,H횄쨘mico,B,MSCC,IEFF,BOSQUE Y SELVA,VSA/BM,BOSQUE MES횄혫FILO DE MONTA횄혩A,BUENA,55.0,1.0,1494.553893000000,0.181243649100,0.012126939600,0.006669816800,72.873371098000,54.448045318000,86.724022659000,68.256487244000,77.490254952000
277,0.0,UMdyhhu+CMhu+AChu/2,UMBRISOL,H횄쨘mico,B,MPCC,IEFF,BOSQUE Y SELVA,BM,BOSQUE MES횄혫FILO DE MONTA횄혩A,BUENA,55.0,1.0,1494.553893000000,0.117316303200,0.007849586600,0.004317272600,72.873371098000,54.448045318000,86.724022659000,68.256487244000,77.490254952000
278,0.0,UMdyhhu+CMhu+AChu/2,UMBRISOL,H횄쨘mico,B,MPCC,IEFF,BOSQUE Y SELVA,BM,BOSQUE MES횄혫FILO DE MONTA횄혩A,BUENA,55.0,1.0,1494.553893000000,2.234325344700,0.149497810300,0.082223795600,72.873371098000,54.448045318000,86.724022659000,68.256487244000,77.490254952000
279,0.0,UMdyhhu+CMhu+AChu/2,UMBRISOL,H횄쨘mico,B,MPCC,IEFF,BOSQUE Y SELVA,BM,BOSQUE MES횄혫FILO DE MONTA횄혩A,BUENA,55.0,1.0,1494.553893000000,0.467229030700,0.031262106500,0.017194158600,72.873371098000,54.448045318000,86.724022659000,68.256487244000,77.490254952000
280,0.0,UMdyhhu+CMhu+AChu/2,UMBRISOL,H횄쨘mico,B,MPCC,IEFF,BOSQUE Y SELVA,BM,BOSQUE MES횄혫FILO DE MONTA횄혩A,BUENA,55.0,1.0,1494.553893000000,2.936689305900,0.196492700500,0.108070985300,72.873371098000,54.448045318000,86.724022659000,68.256487244000,77.490254952000
281,0.0,UMdyhhu+CMhu+AChu/2,UMBRISOL,H횄쨘mico,B,IAPF,TAP,TIERRA CULTIVADA,IAPF,NO APLICABLE,MALA,81.0,1.0,1494.553893000000,9.604259003400,0.642617107800,0.520519857300,72.873371098000,54.448045318000,86.724022659000,68.256487244000,77.490254952000
282,0.0,UMdyhhu+CMhu+AChu/2,UMBRISOL,H횄쨘mico,B,IAPF,PC,PASTIZALES FORRAJE CONTINUO PARA PASTOREO,IAPF,NO APLICABLE,BUENA,61.0,1.0,1494.553893000000,7.764526803200,0.519521366100,0.316908033300,72.873371098000,54.448045318000,86.724022659000,68.256487244000,77.490254952000
283,0.0,UMdyhhu+CMhu+AChu/2,UMBRISOL,H횄쨘mico,B,IAPF,TA,TIERRA CULTIVADA,IAPF,NO APLICABLE,MALA,81.0,1.0,1494.553893000000,2.175777820800,0.145580419000,0.117920139400,72.873371098000,54.448045318000,86.724022659000,68.256487244000,77.490254952000
284,0.0,UMdyhhu+CMhu+AChu/2,UMBRISOL,H횄쨘mico,B,IAPF,TA,TIERRA CULTIVADA,IAPF,NO APLICABLE,MALA,81.0,1.0,1494.553893000000,1.249368859600,0.083594768000,0.067711762000,72.873371098000,54.448045318000,86.724022659000,68.256487244000,77.490254952000
285,0.0,RGdylep+LPdyli/2,REGOSOL,Epil횄짤ptico,A,VICN,IEFF,PASTIZALES FORRAJE CONTINUO PARA PASTOREO,PI,PASTIZAL INDUCIDO,MALA,68.0,1.0,1494.553893000000,0.623524203800,0.041719753700,0.028369432500,72.873371098000,54.448045318000,86.724022659000,68.256487244000,77.490254952000
286,0.0,RGdylep+LPdyli/2,REGOSOL,Epil횄짤ptico,A,MSSC,IEFF,BOSQUE Y SELVA,VSa/BM,BOSQUE MES횄혫FILO DE MONTA횄혩A,MALA,45.0,1.0,1494.553893000000,1.301100440400,0.087056107200,0.039175248200,72.873371098000,54.448045318000,86.724022659000,68.256487244000,77.490254952000
287,0.0,RGdylep+LPdyli/2,REGOSOL,Epil횄짤ptico,A,MSSC,IEFF,BOSQUE Y SELVA,VSa/BM,BOSQUE MES횄혫FILO DE MONTA횄혩A,MALA,45.0,1.0,1494.553893000000,0.197603957000,0.013221601300,0.005949720500,72.873371098000,54.448045318000,86.724022659000,68.256487244000,77.490254952000
288,0.0,RGdylep+LPdyli/2,REGOSOL,Epil횄짤ptico,A,MSSC,IEFF,BOSQUE Y SELVA,VSa/BM,BOSQUE MES횄혫FILO DE MONTA횄혩A,MALA,45.0,1.0,1494.553893000000,3.375876869600,0.225878563800,0.101645353700,72.873371098000,54.448045318000,86.724022659000,68.256487244000,77.490254952000
289,0.0,RGdylep+LPdyli/2,REGOSOL,Epil횄짤ptico,A,MSCC,IEFF,BOSQUE Y SELVA,VSA/BM,BOSQUE MES횄혫FILO DE MONTA횄혩A,BUENA,30.0,1.0,1494.553893000000,2.973273787500,0.198940553500,0.059682166000,72.873371098000,54.448045318000,86.724022659000,68.256487244000,77.490254952000
290,0.0,RGdylep+LPdyli/2,REGOSOL,Epil횄짤ptico,A,MPCC,IEFF,BOSQUE Y SELVA,BM,BOSQUE MES횄혫FILO DE MONTA횄혩A,BUENA,30.0,1.0,1494.553893000000,6.072278863200,0.406293736900,0.121888121000,72.873371098000,54.448045318000,86.724022659000,68.256487244000,77.490254952000
291,0.0,RGdylep+LPdyli/2,REGOSOL,Epil횄짤ptico,A,MPCC,IEFF,BOSQUE Y SELVA,BM,BOSQUE MES횄혫FILO DE MONTA횄혩A,BUENA,30.0,1.0,1494.553893000000,0.108189874000,0.007238940900,0.002171682200,72.873371098000,54.448045318000,86.724022659000,68.256487244000,77.490254952000
292,0.0,RGdylep+LPdyli/2,REGOSOL,Epil횄짤ptico,A,MPCC,IEFF,BOSQUE Y SELVA,BM,BOSQUE MES횄혫FILO DE MONTA횄혩A,BUENA,30.0,1.0,1494.553893000000,20.375104636000,1.363290058000,0.408987017400,72.873371098000,54.448045318000,86.724022659000,68.256487244000,77.490254952000
293,0.0,RGdylep+LPdyli/2,REGOSOL,Epil횄짤ptico,A,MPCC,IEFF,BOSQUE Y SELVA,BM,BOSQUE MES횄혫FILO DE MONTA횄혩A,BUENA,30.0,1.0,1494.553893000000,0.082635085900,0.005529080300,0.001658724100,72.873371098000,54.448045318000,86.724022659000,68.256487244000,77.490254952000
294,0.0,RGdylep+LPdyli/2,REGOSOL,Epil횄짤ptico,A,MPCC,IEFF,BOSQUE Y SELVA,BM,BOSQUE MES횄혫FILO DE MONTA횄혩A,BUENA,30.0,1.0,1494.553893000000,11.350927471000,0.759485992700,0.227845797800,72.873371098000,54.448045318000,86.724022659000,68.256487244000,77.490254952000
295,0.0,RGdylep+LPdyli/2,REGOSOL,Epil횄짤ptico,A,IAPF,TA,TIERRA CULTIVADA,IAPF,NO APLICABLE,MALA,71.0,1.0,1494.553893000000,0.006998587600,0.000468272600,0.000332473600,72.873371098000,54.448045318000,86.724022659000,68.256487244000,77.490254952000
296,0.0,RGdylep+LPdyli/2,REGOSOL,Epil횄짤ptico,A,IAPF,TA,TIERRA CULTIVADA,IAPF,NO APLICABLE,MALA,71.0,1.0,1494.553893000000,1.087819835900,0.072785587700,0.051677767300,72.873371098000,54.448045318000,86.724022659000,68.256487244000,77.490254952000
297,0.0,RGdylep+LPdyli/2,REGOSOL,Epil횄짤ptico,A,IAPF,TA,TIERRA CULTIVADA,IAPF,NO APLICABLE,MALA,71.0,1.0,1494.553893000000,0.593517223100,0.039711998700,0.028195519100,72.873371098000,54.448045318000,86.724022659000,68.256487244000,77.490254952000
298,0.0,RGdylep+LPdyli/2,REGOSOL,Epil횄짤ptico,A,IAPF,PC,PASTIZALES FORRAJE CONTINUO PARA PASTOREO,IAPF,NO APLICABLE,BUENA,39.0,1.0,1494.553893000000,9.552764329100,0.639171619900,0.249276931700,72.873371098000,54.448045318000,86.724022659000,68.256487244000,77.490254952000
299,0.0,RGdylep+LPdyli/2,REGOSOL,Epil횄짤ptico,A,IAPF,TA,TIERRA CULTIVADA,IAPF,NO APLICABLE,MALA,71.0,1.0,1494.553893000000,2.224385187700,0.148832718400,0.105671230000,72.873371098000,54.448045318000,86.724022659000,68.256487244000,77.490254952000
300,0.0,RGdylep+LPdyli/2,REGOSOL,Epil횄짤ptico,A,IAPF,TA,TIERRA CULTIVADA,IAPF,NO APLICABLE,MALA,71.0,1.0,1494.553893000000,0.984528865200,0.065874430400,0.046770845600,72.873371098000,54.448045318000,86.724022659000,68.256487244000,77.490254952000
301,0.0,RGdylep+LPdyli/2,REGOSOL,Epil횄짤ptico,A,IAPF,TA,TIERRA CULTIVADA,IAPF,NO APLICABLE,MALA,71.0,1.0,1494.553893000000,9.753502822200,0.652602951700,0.463348095700,72.873371098000,54.448045318000,86.724022659000,68.256487244000,77.490254952000
302,0.0,RGdylep+LPdyli/2,REGOSOL,Epil횄짤ptico,A,IAPF,PC,PASTIZALES FORRAJE CONTINUO PARA PASTOREO,IAPF,NO APLICABLE,BUENA,39.0,1.0,1494.553893000000,2.234163498200,0.149486981200,0.058299922600,72.873371098000,54.448045318000,86.724022659000,68.256487244000,77.490254952000
303,0.0,RGdylep+LPdyli/2,REGOSOL,Epil횄짤ptico,A,IAPF,TA,TIERRA CULTIVADA,IAPF,NO APLICABLE,MALA,71.0,1.0,1494.553893000000,3.790119286100,0.253595357300,0.180052703700,72.873371098000,54.448045318000,86.724022659000,68.256487244000,77.490254952000
304,0.0,RGdylep+LPdyli/2,REGOSOL,Epil횄짤ptico,A,IAPF,TA,TIERRA CULTIVADA,IAPF,NO APLICABLE,MALA,71.0,1.0,1494.553893000000,0.412880339100,0.027625657400,0.019614216700,72.873371098000,54.448045318000,86.724022659000,68.256487244000,77.490254952000
305,0.0,RGdylep+LPdyli/2,REGOSOL,Epil횄짤ptico,A,BSSC,IEFF,BOSQUE Y SELVA,VSa/BPQ,BOSQUE DE PINO-ENCINO,MALA,45.0,1.0,1494.553893000000,0.773053315400,0.051724686400,0.023276108900,72.873371098000,54.448045318000,86.724022659000,68.256487244000,77.490254952000
306,0.0,RGdylep+LPdyli/2,REGOSOL,Epil횄짤ptico,A,BPCC,IEFF,BOSQUE Y SELVA,BP,BOSQUE DE PINO,BUENA,30.0,1.0,1494.553893000000,22.623455249000,1.513726293400,0.454117888000,72.873371098000,54.448045318000,86.724022659000,68.256487244000,77.490254952000
307,0.0,LVcrlep+CMlep+LPdyli/3,LUVISOL,Epil횄짤ptico,D,MPCC,IEFF,BOSQUE Y SELVA,BM,BOSQUE MES횄혫FILO DE MONTA횄혩A,BUENA,70.0,1.0,1494.553893000000,0.109080259000,0.007298516200,0.005108961300,72.873371098000,54.448045318000,86.724022659000,68.256487244000,77.490254952000
308,0.0,LVcrlep+CMlep+LPdyli/3,LUVISOL,Epil횄짤ptico,D,IAPF,TA,TIERRA CULTIVADA,IAPF,NO APLICABLE,MALA,91.0,1.0,1494.553893000000,0.059369909900,0.003972416700,0.003614899200,72.873371098000,54.448045318000,86.724022659000,68.256487244000,77.490254952000
309,0.0,LVcrlep+CMlep+LPdyli/3,LUVISOL,Epil횄짤ptico,D,BPCC,IEFF,BOSQUE Y SELVA,BPQ,BOSQUE DE PINO-ENCINO,BUENA,70.0,1.0,1494.553893000000,3.093735665000,0.207000609300,0.144900426500,72.873371098000,54.448045318000,86.724022659000,68.256487244000,77.490254952000
310,0.0,LVcrlep+CMlep+LPdyli/3,LUVISOL,Epil횄짤ptico,D,AH,AH,ESTACIONAMIENTOS CALLES Y CARRETERAS,AH,NO APLICABLE,MALA,98.0,1.0,1494.553893000000,2.772482749000,0.185505705800,0.181795591700,72.873371098000,54.448045318000,86.724022659000,68.256487244000,77.490254952000
311,0.0,LPdyli+RGdylep/2,LEPTOSOL,L횄짯tico,A,MSSC,IEFF,BOSQUE Y SELVA,VSa/BM,BOSQUE MES횄혫FILO DE MONTA횄혩A,MALA,45.0,1.0,1494.553893000000,1.338665185000,0.089569549200,0.040306297100,72.873371098000,54.448045318000,86.724022659000,68.256487244000,77.490254952000
312,0.0,LPdyli+RGdylep/2,LEPTOSOL,L횄짯tico,A,MSCC,IEFF,BOSQUE Y SELVA,VSA/BM,BOSQUE MES횄혫FILO DE MONTA횄혩A,BUENA,30.0,1.0,1494.553893000000,2.426873970700,0.162381161400,0.048714348400,72.873371098000,54.448045318000,86.724022659000,68.256487244000,77.490254952000
313,0.0,LPdyli+RGdylep/2,LEPTOSOL,L횄짯tico,A,MPCC,IEFF,BOSQUE Y SELVA,BM,BOSQUE MES횄혫FILO DE MONTA횄혩A,BUENA,30.0,1.0,1494.553893000000,6.672020385700,0.446422201000,0.133926660300,72.873371098000,54.448045318000,86.724022659000,68.256487244000,77.490254952000
314,0.0,LPdyli+RGdylep/2,LEPTOSOL,L횄짯tico,A,IAPF,PC,PASTIZALES FORRAJE CONTINUO PARA PASTOREO,IAPF,NO APLICABLE,BUENA,39.0,1.0,1494.553893000000,0.713021856600,0.047708005700,0.018606122200,72.873371098000,54.448045318000,86.724022659000,68.256487244000,77.490254952000
315,0.0,LPdyli+RGdylep/2,LEPTOSOL,L횄짯tico,A,IAPF,TA,TIERRA CULTIVADA,IAPF,NO APLICABLE,MALA,71.0,1.0,1494.553893000000,0.281890141800,0.018861156000,0.013391420700,72.873371098000,54.448045318000,86.724022659000,68.256487244000,77.490254952000
316,0.0,LPdyli+RGdylep/2,LEPTOSOL,L횄짯tico,A,IAPF,TA,TIERRA CULTIVADA,IAPF,NO APLICABLE,MALA,71.0,1.0,1494.553893000000,0.975813691800,0.065291301700,0.046356824200,72.873371098000,54.448045318000,86.724022659000,68.256487244000,77.490254952000
317,0.0,LPdyli+RGdylep/2,LEPTOSOL,L횄짯tico,A,BPCC,IEFF,BOSQUE Y SELVA,BPQ,BOSQUE DE PINO-ENCINO,BUENA,30.0,1.0,1494.553893000000,1.038118627900,0.069460099900,0.020838029900,72.873371098000,54.448045318000,86.724022659000,68.256487244000,77.490254952000
318,0.0,LPdyli+RGdylep/2,LEPTOSOL,L횄짯tico,A,BPCC,IEFF,BOSQUE Y SELVA,BP,BOSQUE DE PINO,BUENA,30.0,1.0,1494.553893000000,2.978043315900,0.199259680700,0.059777904200,72.873371098000,54.448045318000,86.724022659000,68.256487244000,77.490254952000
319,0.0,ACrolep+CMdylep+RGdy/2,ACRISOL,Epil횄짤ptico,C,VICN,IEFF,PASTIZALES FORRAJE CONTINUO PARA PASTOREO,PI,PASTIZAL INDUCIDO,MALA,86.0,1.0,1494.553893000000,0.015084445500,0.001009294100,0.000867993000,72.873371098000,54.448045318000,86.724022659000,68.256487244000,77.490254952000
320,0.0,ACrolep+CMdylep+RGdy/2,ACRISOL,Epil횄짤ptico,C,QPCA,IEFF,BOSQUE Y SELVA,BQ,BOSQUE DE ENCINO,REGULAR,73.0,1.0,1494.553893000000,2.697715382300,0.180503051400,0.131767227500,72.873371098000,54.448045318000,86.724022659000,68.256487244000,77.490254952000
321,0.0,ACrolep+CMdylep+RGdy/2,ACRISOL,Epil횄짤ptico,C,MSCA,IEFF,BOSQUE Y SELVA,VSa/BM,BOSQUE MES횄혫FILO DE MONTA횄혩A,REGULAR,73.0,1.0,1494.553893000000,4.888945625000,0.327117385800,0.238795691600,72.873371098000,54.448045318000,86.724022659000,68.256487244000,77.490254952000
322,0.0,ACrolep+CMdylep+RGdy/2,ACRISOL,Epil횄짤ptico,C,MPCC,IEFF,BOSQUE Y SELVA,BM,BOSQUE MES횄혫FILO DE MONTA횄혩A,BUENA,70.0,1.0,1494.553893000000,20.251828500000,1.355041701300,0.948529190900,72.873371098000,54.448045318000,86.724022659000,68.256487244000,77.490254952000
323,0.0,ACrolep+CMdylep+RGdy/2,ACRISOL,Epil횄짤ptico,C,MPCC,IEFF,BOSQUE Y SELVA,BM,BOSQUE MES횄혫FILO DE MONTA횄혩A,BUENA,70.0,1.0,1494.553893000000,2.684261135400,0.179602833100,0.125721983200,72.873371098000,54.448045318000,86.724022659000,68.256487244000,77.490254952000
324,0.0,ACrolep+CMdylep+RGdy/2,ACRISOL,Epil횄짤ptico,C,IAPF,TA,TIERRA CULTIVADA,IAPF,NO APLICABLE,MALA,88.0,1.0,1494.553893000000,6.190542438400,0.414206705200,0.364501900600,72.873371098000,54.448045318000,86.724022659000,68.256487244000,77.490254952000
325,0.0,ACrolep+CMdylep+RGdy/2,ACRISOL,Epil횄짤ptico,C,IAPF,TA,TIERRA CULTIVADA,IAPF,NO APLICABLE,MALA,88.0,1.0,1494.553893000000,10.272027634000,0.687297238400,0.604821569800,72.873371098000,54.448045318000,86.724022659000,68.256487244000,77.490254952000
326,0.0,ACrolep+CMdylep+RGdy/2,ACRISOL,Epil횄짤ptico,C,IAPF,PC,PASTIZALES FORRAJE CONTINUO PARA PASTOREO,IAPF,NO APLICABLE,BUENA,74.0,1.0,1494.553893000000,4.780890521400,0.319887462300,0.236716722100,72.873371098000,54.448045318000,86.724022659000,68.256487244000,77.490254952000
327,0.0,ACrolep+CMdylep+RGdy/2,ACRISOL,Epil횄짤ptico,C,IAPF,TA,TIERRA CULTIVADA,IAPF,NO APLICABLE,MALA,88.0,1.0,1494.553893000000,0.660587687000,0.044199656500,0.038895697700,72.873371098000,54.448045318000,86.724022659000,68.256487244000,77.490254952000
328,0.0,ACrolep+CMdylep+RGdy/2,ACRISOL,Epil횄짤ptico,C,IAPF,TA,TIERRA CULTIVADA,IAPF,NO APLICABLE,MALA,88.0,1.0,1494.553893000000,0.002517296300,0.000168431200,0.000148219500,72.873371098000,54.448045318000,86.724022659000,68.256487244000,77.490254952000
329,0.0,ACrolep+CMdylep+RGdy/2,ACRISOL,Epil횄짤ptico,C,IAPF,TA,TIERRA CULTIVADA,IAPF,NO APLICABLE,MALA,88.0,1.0,1494.553893000000,13.973039361000,0.934930444800,0.822738791400,72.873371098000,54.448045318000,86.724022659000,68.256487244000,77.490254952000
330,0.0,ACrolep+CMdylep+RGdy/2,ACRISOL,Epil횄짤ptico,C,BSSC,IEFF,BOSQUE Y SELVA,VSa/BPQ,BOSQUE DE PINO-ENCINO,MALA,77.0,1.0,1494.553893000000,2.307204236000,0.154374107600,0.118868062900,72.873371098000,54.448045318000,86.724022659000,68.256487244000,77.490254952000
331,0.0,ACrolep+CMdylep+RGdy/2,ACRISOL,Epil횄짤ptico,C,BPCC,IEFF,BOSQUE Y SELVA,BPQ,BOSQUE DE PINO-ENCINO,BUENA,70.0,1.0,1494.553893000000,0.694289244800,0.046454614100,0.032518229900,72.873371098000,54.448045318000,86.724022659000,68.256487244000,77.490254952000
332,0.0,ACrolep+CMdylep+RGdy/2,ACRISOL,Epil횄짤ptico,C,BPCC,IEFF,BOSQUE Y SELVA,BP,BOSQUE DE PINO,BUENA,70.0,1.0,1494.553893000000,3.057079644700,0.204547969700,0.143183578800,72.873371098000,54.448045318000,86.724022659000,68.256487244000,77.490254952000
333,0.0,ACrolep+CMdylep+RGdy/2,ACRISOL,Epil횄짤ptico,C,BPCA,IEFF,BOSQUE Y SELVA,BPQ,BOSQUE DE PINO-ENCINO,REGULAR,73.0,1.0,1494.553893000000,3.784003494300,0.253186152100,0.184825891100,72.873371098000,54.448045318000,86.724022659000,68.256487244000,77.490254952000
334,0.0,ACrolep+CMdylep+RGdy/2,ACRISOL,Epil횄짤ptico,C,AH,AH,ESTACIONAMIENTOS CALLES Y CARRETERAS,AH,NO APLICABLE,MALA,98.0,1.0,1494.553893000000,0.165183274400,0.011052346400,0.010831299500,72.873371098000,54.448045318000,86.724022659000,68.256487244000,77.490254952000
335,0.0,LVcrlep+PHha/3,LUVISOL,Epil횄짤ptico,D,VICN,IEFF,PASTIZALES FORRAJE CONTINUO PARA PASTOREO,PI,PASTIZAL INDUCIDO,MALA,89.0,1.0,1494.553893000000,1.835733123500,0.122828165100,0.109317066900,72.873371098000,54.448045318000,86.724022659000,68.256487244000,77.490254952000
336,0.0,LVcrlep+PHha/3,LUVISOL,Epil횄짤ptico,D,MPCC,IEFF,BOSQUE Y SELVA,BM,BOSQUE MES횄혫FILO DE MONTA횄혩A,BUENA,70.0,1.0,1494.553893000000,0.001873676500,0.000125366900,0.000087756800,72.873371098000,54.448045318000,86.724022659000,68.256487244000,77.490254952000
337,0.0,LVcrlep+PHha/3,LUVISOL,Epil횄짤ptico,D,MPCC,IEFF,BOSQUE Y SELVA,BM,BOSQUE MES횄혫FILO DE MONTA횄혩A,BUENA,70.0,1.0,1494.553893000000,0.878707690900,0.058793978200,0.041155784700,72.873371098000,54.448045318000,86.724022659000,68.256487244000,77.490254952000
338,0.0,LVcrlep+PHha/3,LUVISOL,Epil횄짤ptico,D,IAPF,TA,TIERRA CULTIVADA,IAPF,NO APLICABLE,MALA,91.0,1.0,1494.553893000000,0.085952171300,0.005751025200,0.005233432900,72.873371098000,54.448045318000,86.724022659000,68.256487244000,77.490254952000
339,0.0,LVcrlep+PHha/3,LUVISOL,Epil횄짤ptico,D,IAPF,TA,TIERRA CULTIVADA,IAPF,NO APLICABLE,MALA,91.0,1.0,1494.553893000000,0.091740661100,0.006138330700,0.005585880900,72.873371098000,54.448045318000,86.724022659000,68.256487244000,77.490254952000
340,0.0,LVcrlep+PHha/3,LUVISOL,Epil횄짤ptico,D,IAPF,TA,TIERRA CULTIVADA,IAPF,NO APLICABLE,MALA,91.0,1.0,1494.553893000000,3.897401296100,0.260773553500,0.237303933600,72.873371098000,54.448045318000,86.724022659000,68.256487244000,77.490254952000
341,0.0,LVcrlep+PHha/3,LUVISOL,Epil횄짤ptico,D,IAPF,TA,TIERRA CULTIVADA,IAPF,NO APLICABLE,MALA,91.0,1.0,1494.553893000000,0.704450709400,0.047134513600,0.042892407400,72.873371098000,54.448045318000,86.724022659000,68.256487244000,77.490254952000
342,0.0,LVcrlep+PHha/3,LUVISOL,Epil횄짤ptico,D,BSSC,IEFF,BOSQUE Y SELVA,VSa/BPQ,BOSQUE DE PINO-ENCINO,MALA,83.0,1.0,1494.553893000000,0.003526814400,0.000235977700,0.000195861500,72.873371098000,54.448045318000,86.724022659000,68.256487244000,77.490254952000
343,0.0,LVcrlep+PHha/3,LUVISOL,Epil횄짤ptico,D,BPCC,IEFF,BOSQUE Y SELVA,BPQ,BOSQUE DE PINO-ENCINO,BUENA,70.0,1.0,1494.553893000000,11.370358488000,0.760786114200,0.532550279900,72.873371098000,54.448045318000,86.724022659000,68.256487244000,77.490254952000
344,0.0,LVcrlep+PHha/3,LUVISOL,Epil횄짤ptico,D,BPCC,IEFF,BOSQUE Y SELVA,BP,BOSQUE DE PINO,BUENA,70.0,1.0,1494.553893000000,0.678511210600,0.045398912200,0.031779238500,72.873371098000,54.448045318000,86.724022659000,68.256487244000,77.490254952000
345,0.0,LVcrlep+PHha/3,LUVISOL,Epil횄짤ptico,D,BPCA,IEFF,BOSQUE Y SELVA,BPQ,BOSQUE DE PINO-ENCINO,REGULAR,79.0,1.0,1494.553893000000,8.085458525300,0.540994778600,0.427385875100,72.873371098000,54.448045318000,86.724022659000,68.256487244000,77.490254952000
346,0.0,LVcrlep+PHha/3,LUVISOL,Epil횄짤ptico,D,AH,AH,ESTACIONAMIENTOS CALLES Y CARRETERAS,AH,NO APLICABLE,MALA,98.0,1.0,1494.553893000000,0.415916244600,0.027828788600,0.027272212900,72.873371098000,54.448045318000,86.724022659000,68.256487244000,77.490254952000
347,0.0,ACfr+RGdy/2,ACRISOL,F횄짤rrico,C,MPCC,IEFF,BOSQUE Y SELVA,BM,BOSQUE MES횄혫FILO DE MONTA횄혩A,BUENA,70.0,1.0,1494.553893000000,2.228782874000,0.149126965800,0.104388876100,72.873371098000,54.448045318000,86.724022659000,68.256487244000,77.490254952000
348,0.0,ACfr+RGdy/2,ACRISOL,F횄짤rrico,C,IAPF,TA,TIERRA CULTIVADA,IAPF,NO APLICABLE,MALA,88.0,1.0,1494.553893000000,0.554741214100,0.037117511500,0.032663410100,72.873371098000,54.448045318000,86.724022659000,68.256487244000,77.490254952000
349,0.0,ACfr+RGdy/2,ACRISOL,F횄짤rrico,C,IAPF,TA,TIERRA CULTIVADA,IAPF,NO APLICABLE,MALA,88.0,1.0,1494.553893000000,1.597648578600,0.106898023900,0.094070261000,72.873371098000,54.448045318000,86.724022659000,68.256487244000,77.490254952000
350,0.0,ACfr+RGdy/2,ACRISOL,F횄짤rrico,C,IAPF,TA,TIERRA CULTIVADA,IAPF,NO APLICABLE,MALA,88.0,1.0,1494.553893000000,0.140744909400,0.009417185200,0.008287123000,72.873371098000,54.448045318000,86.724022659000,68.256487244000,77.490254952000
351,0.0,ACfr+RGdy/2,ACRISOL,F횄짤rrico,C,IAPF,TA,TIERRA CULTIVADA,IAPF,NO APLICABLE,MALA,88.0,1.0,1494.553893000000,0.871909414300,0.058339108300,0.051338415300,72.873371098000,54.448045318000,86.724022659000,68.256487244000,77.490254952000
352,0.0,ACfr+RGdy/2,ACRISOL,F횄짤rrico,C,BSSC,IEFF,BOSQUE Y SELVA,VSa/BP,BOSQUE DE PINO,MALA,77.0,1.0,1494.553893000000,0.035103607600,0.002348768200,0.001808551500,72.873371098000,54.448045318000,86.724022659000,68.256487244000,77.490254952000
353,0.0,ACfr+RGdy/2,ACRISOL,F횄짤rrico,C,BSCC,IEFF,BOSQUE Y SELVA,VSA/BP,BOSQUE DE PINO,BUENA,70.0,1.0,1494.553893000000,0.032014395500,0.002142070300,0.001499449200,72.873371098000,54.448045318000,86.724022659000,68.256487244000,77.490254952000
354,0.0,ACfr+RGdy/2,ACRISOL,F횄짤rrico,C,BPCC,IEFF,BOSQUE Y SELVA,BPQ,BOSQUE DE PINO-ENCINO,BUENA,70.0,1.0,1494.553893000000,36.108475027000,2.416003544200,1.691202480900,72.873371098000,54.448045318000,86.724022659000,68.256487244000,77.490254952000
355,0.0,ACfr+RGdy/2,ACRISOL,F횄짤rrico,C,BPCC,IEFF,BOSQUE Y SELVA,BP,BOSQUE DE PINO,BUENA,70.0,1.0,1494.553893000000,0.988206299000,0.066120486000,0.046284340200,72.873371098000,54.448045318000,86.724022659000,68.256487244000,77.490254952000
356,0.0,VRpe+LPli/3R,VERTISOL,P횄짤lico,D,VICN,IEFF,PASTIZALES FORRAJE CONTINUO PARA PASTOREO,PI,PASTIZAL INDUCIDO,MALA,89.0,1.0,1494.553893000000,0.569414884000,0.038099320900,0.033908395600,72.873371098000,54.448045318000,86.724022659000,68.256487244000,77.490254952000
357,0.0,VRpe+LPli/3R,VERTISOL,P횄짤lico,D,IAPF,TA,TIERRA CULTIVADA,IAPF,NO APLICABLE,MALA,91.0,1.0,1494.553893000000,0.212634660600,0.014227299600,0.012946842600,72.873371098000,54.448045318000,86.724022659000,68.256487244000,77.490254952000
358,0.0,LVha+LVcr+ANmo/3,LUVISOL,H횄징plico,D,BPCC,IEFF,BOSQUE Y SELVA,BPQ,BOSQUE DE PINO-ENCINO,BUENA,70.0,1.0,1494.553893000000,0.070546820300,0.004720259300,0.003304181500,72.873371098000,54.448045318000,86.724022659000,68.256487244000,77.490254952000
